CD4	288649353	288649353	4.08414625384528e-05
CD4	288670096	288670096	2.85251820975516e-05
CD4	288998972	288998972	2.82187783714753e-05
CD4	289008702	289008702	4.61575338901483e-06
CD4	289011887	289011887	3.76798262115746e-06
CD4	289019074	289019074	1.46185963097762e-05
CD4	289019210	289019210	7.55261725393212e-06
CD4	289021383	289021383	1.30545756239098e-06
CD4	289130378	289130378	1.80644044669233e-07
CD4	289142968	289142968	1.86560335853658e-07
CD4	289212067	289212067	4.37447438625338e-05
CD4	289353141	289353141	6.80651282837086e-06
CD4	289356527	289356527	6.71260526428589e-08
CD4	289382553	289382553	3.40734114099615e-08
CD4	289443091	289443091	2.16784332092675e-07
CD4	289453023	289453023	1.3460643916209e-06
CD4	289459598	289459598	1.22607446288177e-06
CD4	289474943	289474943	2.04417679934939e-07
CD4	289475863	289475863	1.9756914749976e-07
CD4	289476375	289476375	2.09832991107621e-07
CD4	289476950	289476950	5.37341784172769e-10
CD4	289479306	289479306	1.70785943788158e-07
CD4	289480834	289480834	1.60600997602035e-07
CD4	289485419	289485419	1.40303109180077e-07
CD4	289487024	289487024	1.52586892682335e-07
CD4	289492443	289492443	1.15694672093489e-07
CD4	289500236	289500236	9.6490682736779e-08
CD4	289502311	289502311	9.23571900432483e-08
CD4	289516727	289516727	6.89874088227425e-08
CD4	289523052	289523052	5.91274151773922e-08
CD4	289538558	289538558	4.72835009370832e-08
CD4	289539658	289539658	5.27601590468849e-08
CD4	289540003	289540003	5.2851904903921e-08
CD4	289544524	289544524	5.13849260296747e-08
CD4	289550089	289550089	4.98648734378556e-08
CD4	289557195	289557195	5.05496271412412e-08
CD4	289559732	289559732	5.03035605452099e-08
CD4	289566230	289566230	5.0909279885359e-08
CD4	289583577	289583577	2.68901720561188e-12
CD4	289588835	289588835	5.32352592506344e-08
CD4	289599435	289599435	5.65961583745855e-08
CD4	289602061	289602061	5.48710993543428e-08
CD4	289608486	289608486	5.71557336867721e-08
CD4	289609510	289609510	6.03417268431617e-08
CD4	289611034	289611034	6.35420767968745e-07
CD4	289621728	289621728	6.43431727875177e-07
CD4	289622436	289622436	6.46717688239607e-07
CD4	289623942	289623942	1.30931896872068e-05
CD4	289624465	289624465	1.32031298910852e-05
CD4	289625020	289625020	6.640495953262e-07
CD4	289625084	289625084	6.64654560777477e-07
CD4	289625091	289625091	7.60451003194369e-07
CD4	289626727	289626727	7.47986261058142e-07
CD4	289626989	289626989	6.76789516619438e-07
CD4	289627208	289627208	7.62429396372632e-07
CD4	289628764	289628764	7.58789864882979e-07
CD4	289629052	289629052	7.59502648283246e-07
CD4	289629090	289629090	7.69474578073369e-07
CD4	289631068	289631068	8.8844182650228e-07
CD4	289631124	289631124	8.04284178960043e-07
CD4	289632229	289632229	7.84182913451754e-07
CD4	289632519	289632519	7.11328867589337e-07
CD4	289632620	289632620	7.11069985217659e-07
CD4	289633340	289633340	7.62819945686204e-07
CD4	289633360	289633360	7.63094015358375e-07
CD4	289633692	289633692	1.5187307202534e-05
CD4	289634534	289634534	7.61955750050223e-07
CD4	289634602	289634602	1.59088331877384e-05
CD4	289635840	289635840	1.76141555717066e-05
CD4	289638286	289638286	1.56390174477488e-05
CD4	289638313	289638313	1.67182525699978e-05
CD4	289638323	289638323	1.66623805563012e-05
CD4	289639255	289639255	1.83479019616073e-05
CD4	289640350	289640350	1.86268407834035e-05
CD4	289643142	289643142	1.92395972019958e-05
CD4	289643304	289643304	9.2662626421755e-07
CD4	289644167	289644167	1.03569291115705e-06
CD4	289644208	289644208	1.02907195850325e-06
CD4	289644716	289644716	9.41553271953299e-07
CD4	289646094	289646094	9.5096879044475e-07
CD4	289646183	289646183	9.51241371369463e-07
CD4	289646927	289646927	2.01279799432416e-05
CD4	289647288	289647288	9.64882507638907e-07
CD4	289647345	289647345	1.64918241714513e-10
CD4	289647361	289647361	2.18383727870368e-05
CD4	289649237	289649237	9.53989562954025e-07
CD4	289649445	289649445	9.98236231350916e-07
CD4	289650257	289650257	9.68835995688121e-07
CD4	289650875	289650875	9.71700308320406e-07
CD4	289651020	289651020	9.74090414213675e-07
CD4	289652236	289652236	1.00330330212531e-06
CD4	289652246	289652246	1.05151523297165e-06
CD4	289652860	289652860	1.05743002069903e-06
CD4	289653367	289653367	4.62321985044628e-05
CD4	289653723	289653723	2.20515545962255e-05
CD4	289654055	289654055	1.0394096636212e-06
CD4	289654061	289654061	1.040225009214e-06
CD4	289655127	289655127	1.01472303155531e-06
CD4	289656702	289656702	1.03425841814554e-06
CD4	289656785	289656785	4.89030917160884e-12
CD4	289657601	289657601	1.09937978523552e-06
CD4	289657878	289657878	1.1020667098797e-06
CD4	289658315	289658315	1.05568920099088e-06
CD4	289658423	289658423	1.06055073277519e-06
CD4	289658494	289658494	1.57485359112202e-06
CD4	289658664	289658664	1.1120154692413e-06
CD4	289658771	289658771	1.08861840296986e-06
CD4	289658784	289658784	1.09303014511979e-06
CD4	289659287	289659287	1.07593806889855e-06
CD4	289659329	289659329	1.12438494482252e-06
CD4	289659386	289659386	1.07935468745778e-06
CD4	289660048	289660048	1.1487480576143e-06
CD4	289661156	289661156	1.17350816036259e-06
CD4	289670027	289670027	2.06438399791473e-06
CD4	289670492	289670492	3.7759335642624e-06
CD4	289670898	289670898	2.08154013551911e-06
CD4	289672024	289672024	3.77090962581509e-06
CD4	289674043	289674043	3.69268929584631e-06
CD4	289674328	289674328	3.70978195613376e-06
CD4	289674495	289674495	3.70660750996611e-06
CD4	289677199	289677199	4.07569638006773e-06
CD4	289677203	289677203	4.07355690736202e-06
CD4	289681422	289681422	4.38564112112066e-06
CD4	289682353	289682353	9.27635706256901e-06
CD4	289683946	289683946	9.57574213129775e-07
CD4	289685602	289685602	9.91199353642394e-07
CD4	289685984	289685984	9.9260687964853e-07
CD4	291786781	291786781	1.36021795883621e-05
CD4	410822633	410822633	2.8711616862096e-05
CD4	410827515	410827515	2.58614756036053e-06
CD4	410828573	410828573	4.0478106502958e-05
CD4	410828630	410828630	4.07391105668186e-05
CD4	410828665	410828665	2.65400288148848e-06
CD4	410828856	410828856	4.09423900230089e-05
CD4	410829360	410829360	2.85534241807539e-05
CD4	410829499	410829499	2.87946310447263e-05
CD4	445223354	445223354	3.23682493266012e-05
CD4	445225914	445225914	3.39433845582431e-05
CD4	445226064	445226064	2.21023326546476e-05
CD4	445228027	445228027	5.11353276914503e-06
CD4	445229129	445229129	3.13035604281723e-05
CD4	530080773	530080773	1.38592357525299e-05
CD4	530081122	530081122	1.37651434749931e-05
CD4	530082442	530082442	1.29699635140657e-05
CD4	54867541	54867541	4.48891400462352e-05
CD4	571686289	571686289	3.52815525949714e-05
CD4	571687086	571687086	2.86907714291054e-05
CD4	571687404	571687404	2.90154161756014e-05
CD4	571687832	571687832	2.93750147811189e-05
CD4	571690838	571690838	3.17898954878324e-05
CD4	571695496	571695496	3.36382631481542e-05
CD4	571696281	571696281	4.21855649092119e-05
CD4	571708674	571708674	3.9458972826322e-05
CD4	571715692	571715692	3.44883412522951e-05
CD4	571721915	571721915	2.78764038065631e-05
CD4	571723717	571723717	2.81829308153498e-05
CD4	571728341	571728341	2.86500593676515e-05
CD4	571728351	571728351	2.905722432172e-05
CD4	571728836	571728836	2.9200750051405e-05
CD4	571740189	571740189	3.00697139894587e-05
CD4	571752436	571752436	3.2999043906709e-05
CD4	618196146	618196146	1.98144019685015e-05
CD4	630617878	630617878	4.90320501701973e-05
CD4	836823714	836823714	4.51113955774513e-05
CD4	872841528	872841528	4.82304941599203e-05
CD45	144144663	144144663	3.94684999862367e-06
CD45	144145842	144145842	4.14884384496504e-06
CD45	144147475	144147475	4.1827304411421e-06
CD45	144149614	144149614	2.78501020348064e-05
CD45	144158465	144158465	4.56215374287534e-06
CD45	144166528	144166528	4.98009250260517e-06
CD45	144167920	144167920	4.00941500922077e-05
CD45	144168037	144168037	4.07416687462345e-05
CD45	144168639	144168639	1.97968324350117e-05
CD45	144169416	144169416	5.2238577535866e-06
CD45	144176617	144176617	1.03179253589593e-05
CD45	144182917	144182917	1.65349420093617e-05
CD45	144183279	144183279	1.618546760837e-05
CD45	144186545	144186545	5.24504356271597e-06
CD45	144197423	144197423	1.65667356373682e-05
CD45	144206076	144206076	2.43151684725399e-06
CD45	144214631	144214631	7.42339851707292e-06
CD45	144220173	144220173	2.36472302995304e-06
CD45	144223391	144223391	1.68295573126727e-06
CD45	144225629	144225629	2.42563581960126e-06
CD45	144229547	144229547	7.27160027779256e-06
CD45	144229658	144229658	7.25371713638306e-06
CD45	144230814	144230814	7.47828378190719e-06
CD45	144231259	144231259	2.36261443327822e-06
CD45	144234252	144234252	2.42957856525496e-06
CD45	144235245	144235245	7.48133084300434e-06
CD45	144237261	144237261	7.27011981758946e-06
CD45	144238110	144238110	7.34440365175347e-06
CD45	144238363	144238363	7.33630725572715e-06
CD45	144240994	144240994	1.55391454098901e-05
CD45	144242576	144242576	5.32228150217064e-06
CD45	144243307	144243307	7.45459564825253e-06
CD45	144243687	144243687	7.39613792235424e-06
CD45	144245287	144245287	2.39482986294902e-06
CD45	144247113	144247113	5.63420926920867e-06
CD45	144250519	144250519	2.4908530502279e-06
CD45	144250535	144250535	6.89535312636129e-06
CD45	144251135	144251135	6.8909101495624e-06
CD45	144251789	144251789	2.51483947105546e-06
CD45	144252485	144252485	2.5766624792182e-06
CD45	144252747	144252747	6.93674244209781e-06
CD45	144254104	144254104	6.8742198376402e-06
CD45	144257423	144257423	1.45503696251502e-05
CD45	144258469	144258469	1.51503524336528e-05
CD45	144258651	144258651	1.52018746487372e-05
CD45	144258709	144258709	1.52415380865346e-05
CD45	144259240	144259240	1.5593081688322e-05
CD45	144259275	144259275	1.52889923052323e-05
CD45	144259542	144259542	1.53656795987095e-05
CD45	144259574	144259574	1.54177900566156e-05
CD45	144262492	144262492	1.6529268279374e-05
CD45	144263416	144263416	1.75537998423022e-05
CD45	144263544	144263544	1.77408813928978e-05
CD45	144263881	144263881	1.79506147768555e-05
CD45	157481872	157481872	4.85101736033669e-05
CD45	256052495	256052495	4.41168665719014e-05
CD45	256056866	256056866	3.62782944584787e-05
CD45	315191174	315191174	6.17971635655805e-06
CD45	315197441	315197441	2.44304888558763e-05
CD45	501633585	501633585	4.91046461633275e-05
CD45	555516902	555516902	4.2126073456262e-05
CD45	555516961	555516961	4.22637355801307e-05
CD45	555518608	555518608	4.11567312763237e-05
CD45	555519197	555519197	4.33756305123198e-05
CD45	555519198	555519198	4.34726273025197e-05
CD45	555519658	555519658	4.37462396969858e-05
CD45	555522703	555522703	4.71772764110311e-05
CD45	555523492	555523492	4.82925903087481e-05
CD45	555523582	555523582	4.8942895045506e-05
CD45	555523727	555523727	4.92055617469818e-05
CD45	646169289	646169289	1.97401865533827e-05
CD45	646178998	646178998	1.96967898717786e-05
CD8	231767095	231767095	4.16046248818952e-05
CD8	270820353	270820353	3.4689869426358e-05
CD8	284242219	284242219	1.46390036643819e-05
CD8	289008702	289008702	2.50425043775202e-05
CD8	289011887	289011887	2.03240975978419e-05
CD8	289021383	289021383	3.40142896081356e-06
CD8	289130378	289130378	1.25920467730639e-08
CD8	289142968	289142968	1.13479907634708e-08
CD8	289353141	289353141	6.35461616800403e-07
CD8	289356527	289356527	4.84918873385163e-09
CD8	289382553	289382553	9.49743090186889e-08
CD8	289443091	289443091	4.02688699308531e-07
CD8	289453023	289453023	2.4103665622372e-07
CD8	289459598	289459598	1.96048758094135e-07
CD8	289474943	289474943	4.61073544715179e-07
CD8	289475863	289475863	4.43869730241496e-07
CD8	289476375	289476375	4.69857679465909e-07
CD8	289476950	289476950	5.85746137103839e-11
CD8	289479306	289479306	2.60253179695324e-07
CD8	289480834	289480834	2.44723928490096e-07
CD8	289485419	289485419	2.17200643632085e-07
CD8	289487024	289487024	3.52113706026264e-07
CD8	289492443	289492443	1.83098703388214e-07
CD8	289500236	289500236	1.69167277194862e-07
CD8	289502311	289502311	1.70250351619991e-07
CD8	289516727	289516727	1.78271529321067e-07
CD8	289523052	289523052	1.84022930780535e-07
CD8	289538558	289538558	4.81225053079556e-07
CD8	289539658	289539658	6.38696221404508e-07
CD8	289540003	289540003	6.41248759091026e-07
CD8	289544524	289544524	6.35012270245927e-07
CD8	289550089	289550089	6.2611367062656e-07
CD8	289557195	289557195	6.08051914632758e-07
CD8	289559732	289559732	5.99546584663673e-07
CD8	289566230	289566230	5.79979001494871e-07
CD8	289583577	289583577	3.84239253016322e-11
CD8	289588835	289588835	5.19680276953992e-07
CD8	289599435	289599435	5.07188611867612e-07
CD8	289602061	289602061	5.08605500655535e-07
CD8	289608486	289608486	4.9770830371297e-07
CD8	289609510	289609510	5.01713323106381e-07
CD8	289611034	289611034	1.36521283527829e-06
CD8	289621728	289621728	1.30480925245909e-06
CD8	289622436	289622436	1.30671238359191e-06
CD8	289623942	289623942	9.63583436758907e-06
CD8	289624465	289624465	9.66746584928179e-06
CD8	289625020	289625020	1.31138988947707e-06
CD8	289625084	289625084	1.30982549600784e-06
CD8	289625091	289625091	1.41151771705598e-06
CD8	289626727	289626727	2.10380138724643e-06
CD8	289626989	289626989	1.30826502175341e-06
CD8	289627208	289627208	1.36611148447372e-06
CD8	289628764	289628764	2.10065661337193e-06
CD8	289629052	289629052	2.09951720310198e-06
CD8	289629090	289629090	2.14194168066532e-06
CD8	289631068	289631068	2.13942065499984e-06
CD8	289631124	289631124	1.3259026891439e-06
CD8	289632229	289632229	2.110025969529e-06
CD8	289632519	289632519	1.3031541241581e-06
CD8	289632620	289632620	1.30531646422327e-06
CD8	289633340	289633340	1.35429561491402e-06
CD8	289633360	289633360	1.354986367616e-06
CD8	289633692	289633692	1.03829055524512e-05
CD8	289634534	289634534	1.29508286046599e-06
CD8	289634602	289634602	1.03109067561294e-05
CD8	289635840	289635840	1.06650854270589e-05
CD8	289638286	289638286	1.3293394613607e-05
CD8	289638313	289638313	1.44840317078705e-05
CD8	289638323	289638323	1.43330804164957e-05
CD8	289639255	289639255	1.0879081618321e-05
CD8	289640350	289640350	1.09872855518343e-05
CD8	289643142	289643142	1.11743196792051e-05
CD8	289643304	289643304	1.34715313118106e-06
CD8	289644167	289644167	2.18618196603174e-06
CD8	289644208	289644208	2.18786238174339e-06
CD8	289644716	289644716	1.35177906810934e-06
CD8	289646094	289646094	1.35467812983143e-06
CD8	289646183	289646183	1.35549572151794e-06
CD8	289646927	289646927	1.14170097678039e-05
CD8	289647288	289647288	1.35567765746703e-06
CD8	289647345	289647345	1.0496648937391e-10
CD8	289647361	289647361	1.21767264257663e-05
CD8	289649237	289649237	1.32078581699555e-06
CD8	289649445	289649445	1.37210713680722e-06
CD8	289650257	289650257	1.32187842109437e-06
CD8	289650875	289650875	1.31786368634608e-06
CD8	289651020	289651020	1.32245104667815e-06
CD8	289652236	289652236	1.35019011859646e-06
CD8	289652246	289652246	1.40392212464677e-06
CD8	289652860	289652860	1.40843743182199e-06
CD8	289653367	289653367	5.83949914384278e-06
CD8	289653723	289653723	1.18344261252646e-05
CD8	289654055	289654055	1.51373073869256e-06
CD8	289654061	289654061	1.51401192541546e-06
CD8	289655127	289655127	1.33344116338748e-06
CD8	289656702	289656702	1.34277937152654e-06
CD8	289656785	289656785	3.0243315557347e-11
CD8	289657601	289657601	1.40048893611738e-06
CD8	289657878	289657878	1.40211436297943e-06
CD8	289658315	289658315	1.34483268938396e-06
CD8	289658423	289658423	1.35068038298401e-06
CD8	289658494	289658494	1.83555710627331e-06
CD8	289658664	289658664	1.40535486117645e-06
CD8	289658771	289658771	1.36829095363571e-06
CD8	289658784	289658784	1.36940051522386e-06
CD8	289659287	289659287	1.35913682086671e-06
CD8	289659329	289659329	1.41522912912374e-06
CD8	289659386	289659386	1.35684778361039e-06
CD8	289659466	289659466	3.50149517552627e-06
CD8	289659568	289659568	3.38181672215514e-06
CD8	289660048	289660048	1.42163096478287e-06
CD8	289661156	289661156	1.43873167769942e-06
CD8	289670027	289670027	2.27995805576254e-05
CD8	289670492	289670492	2.74069189155322e-05
CD8	289670898	289670898	2.25616293365097e-05
CD8	289672024	289672024	2.77958647612689e-05
CD8	289674043	289674043	2.70801480690787e-05
CD8	289674328	289674328	2.72702518416391e-05
CD8	289674495	289674495	2.71438830278189e-05
CD8	289677199	289677199	2.38848079253477e-05
CD8	289677203	289677203	2.38891557418148e-05
CD8	289681422	289681422	2.92578761834005e-05
CD8	289682353	289682353	1.82470453388771e-05
CD8	289683946	289683946	1.66447156991525e-05
CD8	289685602	289685602	1.69349536917798e-05
CD8	289685984	289685984	1.67578053240149e-05
CD8	289784395	289784395	1.43572315500784e-05
CD8	290035445	290035445	2.63822872616629e-05
CD8	290079503	290079503	1.89499609563196e-05
CD8	291786781	291786781	5.4278989792749e-06
CD8	291857840	291857840	2.62069212795949e-06
CD8	396654828	396654828	4.78893575986696e-05
CD8	47214811	47214811	3.27549654203587e-05
CD8	47214874	47214874	3.27796914269097e-05
CD8	47218118	47218118	3.25386927560088e-05
CD8	47219398	47219398	3.32475297919003e-05
CD8	47220285	47220285	3.53172116429045e-05
CD8	47220622	47220622	3.32616193962179e-05
CD8	47220784	47220784	3.32474421894436e-05
CD8	47221193	47221193	3.33114783929455e-05
CD8	47221197	47221197	3.33118354939461e-05
CD8	47221693	47221693	3.31650650525297e-05
CD8	47221884	47221884	3.37898125713893e-05
CD8	47221928	47221928	3.3886918115098e-05
CD8	47222001	47222001	1.72017470968279e-05
CD8	47222660	47222660	3.60010646203068e-05
CD8	47222745	47222745	3.64810542501341e-05
CD8	47223216	47223216	3.89661227365955e-05
CD8	47223543	47223543	1.98006174957955e-05
CD8	47223637	47223637	4.0715854151703e-05
CD8	47223882	47223882	2.0494784992058e-05
CD8	47227146	47227146	2.9057761938367e-05
CD8	656974100	656974100	3.34193178460877e-05
CD8	656976225	656976225	3.42448556059024e-05
CD8	656995764	656995764	4.65425411687536e-05
CD8	707907774	707907774	1.41094563227345e-05
CD8	766987650	766987650	4.39673350590981e-05
CD8	766987827	766987827	2.62291995929157e-05
CD8	766987852	766987852	2.2918401685748e-05
CD8	766987861	766987861	2.25108166185619e-05
CD8	766988014	766988014	3.02984765221705e-05
CD8	766988123	766988123	3.37537390577214e-05
CD8	766988225	766988225	3.02835852301653e-05
CD8	766988731	766988731	3.98007819389738e-05
CD8	766988966	766988966	3.85988806035992e-05
CD8	80749715	80749715	2.55795654348647e-05
CD8	826983084	826983084	3.3005045243486e-05
CD8	826988858	826988858	3.27470325685408e-05
CD8	826989483	826989483	3.27400504047086e-05
CD8	826994234	826994234	3.23167881852048e-05
CD8	826997149	826997149	3.21510983380594e-05
CD8	826998594	826998594	3.20254396981557e-05
CD8	827003914	827003914	3.16436012217402e-05
CD8	827077944	827077944	4.97371821647079e-05
CD8	827080454	827080454	4.8905133402914e-05
CD8	827082177	827082177	4.18614225918114e-05
CD8	827083883	827083883	4.13042684212806e-05
CD8	827086980	827086980	4.05799398899148e-05
CD8	827088738	827088738	4.05660181973518e-05
CD8	853703501	853703501	4.29000424257581e-05
CD8	853703716	853703716	3.91091577556374e-05
CD8	855119366	855119366	1.21541567401907e-05
CD8	855133236	855133236	1.24510505649355e-05
CD8	855214698	855214698	2.58394569899397e-05
CD8	855224158	855224158	3.52655128984998e-05
CD8	855225903	855225903	3.48489580597142e-05
CD8	865718849	865718849	3.37744650351703e-05
CD8	865725371	865725371	2.11563702612402e-05
CD8	865732017	865732017	4.35112328934413e-05
CD8	865738431	865738431	4.38181044564789e-05
CD8	865749999	865749999	4.38090701234914e-05
CD8	865756598	865756598	4.33859098880442e-05
CD8	865764911	865764911	4.3775412765382e-05
CD8	865780668	865780668	4.76418020696576e-05
CD8	865782079	865782079	4.90608238789626e-05
CM_CD8	164317722	164317722	3.92096393030092e-05
CM_CD8	179859029	179859029	3.14840985616447e-05
CM_CD8	179859403	179859403	3.45964734215675e-05
CM_CD8	179860406	179860406	3.65331282979333e-05
CM_CD8	179867726	179867726	3.04613965889817e-05
CM_CD8	179870206	179870206	2.99003593700285e-05
CM_CD8	288614691	288614691	7.23627459285272e-07
CM_CD8	288614718	288614718	8.08765288140423e-07
CM_CD8	289130378	289130378	1.82999262558646e-06
CM_CD8	289142968	289142968	1.79434901479579e-06
CM_CD8	289148560	289148560	2.37670159519823e-06
CM_CD8	289212067	289212067	1.2041527758389e-06
CM_CD8	289353141	289353141	5.4737455281818e-06
CM_CD8	289356527	289356527	2.84484960955166e-05
CM_CD8	289382553	289382553	7.97000392661854e-08
CM_CD8	289443091	289443091	6.10261370261765e-07
CM_CD8	289453023	289453023	1.3761887502995e-06
CM_CD8	289459598	289459598	1.36593617083552e-06
CM_CD8	289474943	289474943	2.01071728618898e-06
CM_CD8	289475863	289475863	2.02642715320235e-06
CM_CD8	289476375	289476375	1.93705172330567e-06
CM_CD8	289476950	289476950	1.10798605786442e-09
CM_CD8	289479306	289479306	6.31394614093355e-07
CM_CD8	289480834	289480834	6.38128846701018e-07
CM_CD8	289485419	289485419	6.62325684786938e-07
CM_CD8	289487024	289487024	2.08101209822793e-06
CM_CD8	289492443	289492443	7.08170144868985e-07
CM_CD8	289500236	289500236	7.22313406120101e-07
CM_CD8	289502311	289502311	7.17684603231058e-07
CM_CD8	289516727	289516727	7.07302261153612e-07
CM_CD8	289523052	289523052	7.31379428777012e-07
CM_CD8	289538558	289538558	1.16467121247582e-06
CM_CD8	289539658	289539658	1.3075339291517e-06
CM_CD8	289540003	289540003	1.31365078135856e-06
CM_CD8	289544524	289544524	1.35812207146155e-06
CM_CD8	289550089	289550089	1.43659644682333e-06
CM_CD8	289557195	289557195	1.55183638023245e-06
CM_CD8	289559732	289559732	1.60134011617175e-06
CM_CD8	289566230	289566230	1.78797755999101e-06
CM_CD8	289583577	289583577	9.14324479036347e-10
CM_CD8	289588835	289588835	2.6574750477626e-06
CM_CD8	289599435	289599435	3.17389294443417e-06
CM_CD8	289602061	289602061	3.28912458057748e-06
CM_CD8	289608486	289608486	3.59658438820527e-06
CM_CD8	289609510	289609510	3.56298056328867e-06
CM_CD8	289611034	289611034	4.38785085283585e-06
CM_CD8	289621728	289621728	5.59781416393648e-06
CM_CD8	289622436	289622436	5.67033848087722e-06
CM_CD8	289625020	289625020	6.02724216708925e-06
CM_CD8	289625084	289625084	6.03108769568517e-06
CM_CD8	289625091	289625091	5.7757268984767e-06
CM_CD8	289626727	289626727	1.7143810734394e-05
CM_CD8	289626989	289626989	6.29778679902516e-06
CM_CD8	289627208	289627208	6.16251627822737e-06
CM_CD8	289628764	289628764	1.77992917075947e-05
CM_CD8	289629052	289629052	1.79505906121865e-05
CM_CD8	289629090	289629090	1.80338631622022e-05
CM_CD8	289631068	289631068	2.04029189907239e-05
CM_CD8	289631124	289631124	7.51262583956494e-06
CM_CD8	289632229	289632229	1.92301551324312e-05
CM_CD8	289632519	289632519	7.04275752440013e-06
CM_CD8	289632620	289632620	7.07936379617684e-06
CM_CD8	289633340	289633340	7.18806342621267e-06
CM_CD8	289633360	289633360	7.1937103907633e-06
CM_CD8	289634534	289634534	7.41994801096557e-06
CM_CD8	289643304	289643304	8.29401847425148e-06
CM_CD8	289644167	289644167	2.29677339484168e-05
CM_CD8	289644208	289644208	2.28344650864341e-05
CM_CD8	289644716	289644716	8.49211399462739e-06
CM_CD8	289646094	289646094	8.6484187684205e-06
CM_CD8	289646183	289646183	8.63555385217711e-06
CM_CD8	289647288	289647288	8.93752964520872e-06
CM_CD8	289647345	289647345	1.80819359876413e-08
CM_CD8	289649237	289649237	9.6053697579456e-06
CM_CD8	289649445	289649445	9.46939493882394e-06
CM_CD8	289650257	289650257	9.85627554732785e-06
CM_CD8	289650875	289650875	9.92685647903577e-06
CM_CD8	289651020	289651020	1.00015055756401e-05
CM_CD8	289652236	289652236	1.02161268270054e-05
CM_CD8	289652246	289652246	1.0014961579359e-05
CM_CD8	289652860	289652860	1.00956678710601e-05
CM_CD8	289654055	289654055	9.94146157416139e-06
CM_CD8	289654061	289654061	9.97025403090683e-06
CM_CD8	289655127	289655127	1.08746421619345e-05
CM_CD8	289656702	289656702	1.11766458294693e-05
CM_CD8	289656785	289656785	4.28774967561273e-09
CM_CD8	289657601	289657601	1.12648505224375e-05
CM_CD8	289657878	289657878	1.12997040957229e-05
CM_CD8	289658315	289658315	1.15630712535184e-05
CM_CD8	289658423	289658423	1.16686978521547e-05
CM_CD8	289658494	289658494	1.7169662992877e-05
CM_CD8	289658664	289658664	1.14787457420415e-05
CM_CD8	289658771	289658771	1.16880702011259e-05
CM_CD8	289658784	289658784	1.17424929300563e-05
CM_CD8	289659287	289659287	1.20345132606644e-05
CM_CD8	289659329	289659329	1.17915865512263e-05
CM_CD8	289659386	289659386	1.21283469254167e-05
CM_CD8	289660048	289660048	1.20747157943833e-05
CM_CD8	289661156	289661156	1.25091045302298e-05
CM_CD8	289670492	289670492	4.69063084275799e-05
CM_CD8	289672024	289672024	4.88189407047523e-05
CM_CD8	289784395	289784395	3.14739639080439e-05
CM_CD8	316611043	316611043	1.72213470880313e-05
CM_CD8	34790535	34790535	4.76689100609668e-05
CM_CD8	370020061	370020061	1.5113758767101e-05
CM_CD8	525321127	525321127	3.87981314570183e-06
CM_CD8	525322446	525322446	7.15796412106885e-06
CM_CD8	525337287	525337287	3.48963976298255e-06
CM_CD8	525338925	525338925	3.16532358357913e-06
CM_CD8	525345177	525345177	4.8110796757672e-05
CM_CD8	525346268	525346268	4.75778176113305e-05
CM_CD8	525346890	525346890	4.37577199377063e-05
CM_CD8	525347842	525347842	4.47985224710339e-05
CM_CD8	525350597	525350597	3.89988907111263e-05
CM_CD8	583239386	583239386	4.12894250209298e-05
CM_CD8	654710384	654710384	4.07667356494177e-05
CM_CD8	654731536	654731536	2.00980530966386e-05
CM_CD8	725428344	725428344	4.77051159748684e-05
CM_CD8	725428500	725428500	4.71401847062454e-05
CM_CD8	725429998	725429998	4.92129768894283e-05
CM_CD8	725430536	725430536	4.77462860851073e-05
CM_CD8	725431311	725431311	3.72899904006376e-05
CM_CD8	725433166	725433166	4.86113784440596e-05
CM_CD8	725434003	725434003	4.85668057719471e-05
CM_CD8	725434564	725434564	4.84898426823305e-05
CM_CD8	725436318	725436318	4.83768803074414e-05
CM_CD8	725437572	725437572	4.82166671303725e-05
CM_CD8	828217265	828217265	3.54616469177475e-05
CM_CD8	867828312	867828312	4.18279546810409e-05
CM_CD8	867842164	867842164	2.12471161527531e-05
EM_CD8	289130378	289130378	3.98470466899776e-05
EM_CD8	289142968	289142968	3.61007797720179e-05
EM_CD8	289356527	289356527	2.98708896074138e-05
EM_CD8	289382553	289382553	3.94753052405323e-06
EM_CD8	289443091	289443091	1.78895406017068e-06
EM_CD8	289474943	289474943	1.7090454423184e-05
EM_CD8	289475863	289475863	1.73075704194432e-05
EM_CD8	289476375	289476375	1.75917919143375e-05
EM_CD8	289476950	289476950	7.28633789917784e-08
EM_CD8	289479306	289479306	1.30759676815827e-05
EM_CD8	289480834	289480834	1.32385379070656e-05
EM_CD8	289485419	289485419	1.37151983744908e-05
EM_CD8	289487024	289487024	1.90842214328613e-05
EM_CD8	289492443	289492443	1.47082581439754e-05
EM_CD8	289500236	289500236	1.56431835050173e-05
EM_CD8	289502311	289502311	1.59065733091092e-05
EM_CD8	289516727	289516727	1.81327009588815e-05
EM_CD8	289523052	289523052	1.96716278306995e-05
EM_CD8	289538558	289538558	2.35307653941855e-05
EM_CD8	289539658	289539658	2.47337224738442e-05
EM_CD8	289540003	289540003	2.48753931960664e-05
EM_CD8	289544524	289544524	2.50058964077997e-05
EM_CD8	289550089	289550089	2.5125891117615e-05
EM_CD8	289557195	289557195	2.49082315258528e-05
EM_CD8	289559732	289559732	2.47786674114788e-05
EM_CD8	289566230	289566230	2.46206391596594e-05
EM_CD8	289583577	289583577	9.14262353301972e-09
EM_CD8	289588835	289588835	2.44366273782074e-05
EM_CD8	289599435	289599435	2.48846630710205e-05
EM_CD8	289602061	289602061	2.43556495606813e-05
EM_CD8	289608486	289608486	2.49549449548683e-05
EM_CD8	289609510	289609510	2.62230782790434e-05
EM_CD8	289611034	289611034	2.41285587449594e-05
EM_CD8	289621728	289621728	2.42912239570029e-05
EM_CD8	289622436	289622436	2.43674420006835e-05
EM_CD8	289625020	289625020	2.46099806267509e-05
EM_CD8	289625084	289625084	2.46007499418049e-05
EM_CD8	289625091	289625091	2.5823252252819e-05
EM_CD8	289626727	289626727	3.35844809057147e-05
EM_CD8	289626989	289626989	2.48581088229855e-05
EM_CD8	289627208	289627208	2.59274840603984e-05
EM_CD8	289628764	289628764	3.37417908762313e-05
EM_CD8	289629052	289629052	3.37597008492148e-05
EM_CD8	289629090	289629090	3.47779101412117e-05
EM_CD8	289631068	289631068	3.6145974066134e-05
EM_CD8	289631124	289631124	2.67895620539646e-05
EM_CD8	289632229	289632229	3.44578171091863e-05
EM_CD8	289632519	289632519	2.53529370531557e-05
EM_CD8	289632620	289632620	2.53374493379031e-05
EM_CD8	289633340	289633340	2.55716495042515e-05
EM_CD8	289633360	289633360	2.55738072482859e-05
EM_CD8	289634534	289634534	2.56051099349005e-05
EM_CD8	289643304	289643304	2.80375977372315e-05
EM_CD8	289644167	289644167	3.81927153021729e-05
EM_CD8	289644208	289644208	3.80827748662678e-05
EM_CD8	289644716	289644716	2.82078928628246e-05
EM_CD8	289646094	289646094	2.83906666870291e-05
EM_CD8	289646183	289646183	2.84016143409507e-05
EM_CD8	289647288	289647288	2.87126842428455e-05
EM_CD8	289647345	289647345	2.36762734990495e-07
EM_CD8	289649237	289649237	2.88190323392021e-05
EM_CD8	289649445	289649445	2.92039076227735e-05
EM_CD8	289650257	289650257	2.90032313131635e-05
EM_CD8	289650875	289650875	2.89439039463499e-05
EM_CD8	289651020	289651020	2.90493107943386e-05
EM_CD8	289652236	289652236	2.9479175013496e-05
EM_CD8	289652246	289652246	2.98099636796368e-05
EM_CD8	289652860	289652860	2.98870688332647e-05
EM_CD8	289654055	289654055	3.15363229272453e-05
EM_CD8	289654061	289654061	3.15869853804603e-05
EM_CD8	289655127	289655127	2.98733758559047e-05
EM_CD8	289656702	289656702	3.01472050822495e-05
EM_CD8	289656785	289656785	2.1054795393959e-08
EM_CD8	289657601	289657601	3.06589500559618e-05
EM_CD8	289657878	289657878	3.06699614122931e-05
EM_CD8	289658315	289658315	3.05301927489349e-05
EM_CD8	289658423	289658423	3.06845228530495e-05
EM_CD8	289658494	289658494	3.53628216047923e-05
EM_CD8	289658664	289658664	3.09259395941089e-05
EM_CD8	289658771	289658771	3.09262599272541e-05
EM_CD8	289658784	289658784	3.09405863585932e-05
EM_CD8	289659287	289659287	3.09686226879535e-05
EM_CD8	289659329	289659329	3.13034599419926e-05
EM_CD8	289659386	289659386	3.09512613880404e-05
EM_CD8	289660048	289660048	3.1447806629533e-05
EM_CD8	289661156	289661156	3.19514269757717e-05
EM_CD8	33390110	33390110	2.4061062246558e-05
EM_CD8	366079491	366079491	3.36574478426021e-05
EM_CD8	366096627	366096627	2.51126563311554e-05
EM_CD8	366096743	366096743	2.53596280817188e-05
EM_CD8	366103441	366103441	3.97588900468359e-05
EM_CD8	366110634	366110634	2.68848801860874e-05
EM_CD8	366111744	366111744	2.82082190430319e-05
EM_CD8	469948089	469948089	4.97405358367957e-05
EM_CD8	630389816	630389816	4.34126619566944e-05
EM_CD8	633452578	633452578	4.73422512982309e-05
EM_CD8	760702129	760702129	3.38077718073008e-05
EM_CD8	800976045	800976045	2.96231656894924e-06
EM_CD8	800977083	800977083	1.35593123677559e-06
EM_CD8	800979099	800979099	3.37128926315938e-06
EM_CD8	800981582	800981582	1.90772140632446e-06
EM_CD8	800982678	800982678	1.92901660535725e-06
EM_CD8	800992746	800992746	8.17075018690042e-07
EM_CD8	800993709	800993709	6.09696546394399e-07
EM_CD8	800998662	800998662	8.14147864689761e-07
EM_CD8	800999431	800999431	8.00331383533393e-07
EM_CD8	801001314	801001314	1.94249885565617e-06
EM_CD8	801005557	801005557	8.49629650513222e-07
EM_CD8	801014326	801014326	3.44030329572502e-07
EM_CD8	801018058	801018058	1.69249527796623e-06
EM_CD8	801018534	801018534	1.64718159525059e-06
EM_CD8	801023670	801023670	1.6986061692787e-06
EM_CD8	801023809	801023809	1.66478375018207e-06
EM_CD8	801024378	801024378	1.62451043168194e-06
EM_CD8	801024746	801024746	1.58631132918735e-06
EM_CD8	873632845	873632845	1.5687043816897e-05
G	184152097	184152097	2.79080293377957e-05
G	184161570	184161570	1.97704145535291e-05
G	184162231	184162231	1.97859119568854e-05
G	247823248	247823248	2.17862241648378e-05
G	247823304	247823304	2.17740097029365e-05
G	247823319	247823319	2.23403203766805e-05
G	248711527	248711527	4.5451986210483e-05
G	248711954	248711954	4.58182726605489e-05
G	248712510	248712510	4.57837988086971e-05
G	248712926	248712926	4.60201977447111e-05
G	248715093	248715093	4.42232079259981e-05
G	248715359	248715359	4.44620610152661e-05
G	248715471	248715471	4.44126491287157e-05
G	248715757	248715757	4.4331466282258e-05
G	248717895	248717895	4.59966581458117e-05
G	248718955	248718955	4.42462571327453e-05
G	248728888	248728888	2.78052067647175e-05
G	248730409	248730409	3.28931025533167e-05
G	248731510	248731510	8.32700415035517e-06
G	248732621	248732621	1.73445029079376e-06
G	248732851	248732851	2.5392845559648e-05
G	248733561	248733561	1.79813406781716e-05
G	357230819	357230819	3.91748573474173e-05
G	35949516	35949516	3.45275639731362e-05
G	401919578	401919578	3.91331636985366e-05
G	466864723	466864723	2.3144814988344e-05
G	556855432	556855432	4.7280356341274e-05
G	556860012	556860012	3.83567226716881e-05
G	556860509	556860509	3.70155042754748e-05
G	573669932	573669932	1.92836987365465e-05
G	573671000	573671000	1.91532219835571e-05
G	573673002	573673002	1.87087913280093e-05
G	573674544	573674544	1.89679931335208e-05
G	573683558	573683558	1.33339623725872e-05
G	573684544	573684544	1.62548045975466e-05
G	573685225	573685225	1.60136413715882e-05
G	573685805	573685805	1.5820080663534e-05
G	573692376	573692376	1.614833694225e-05
G	573745289	573745289	4.5267988433078e-05
G	620726920	620726920	1.24064257883072e-05
G	623441655	623441655	2.25107418371231e-06
G	630344611	630344611	4.38301100761448e-05
G	71339855	71339855	4.95756030011952e-05
G	71346949	71346949	4.73511794784855e-05
G	71351487	71351487	4.41896973933897e-05
G	71370222	71370222	4.16052561276147e-05
G	71374272	71374272	4.4399221304834e-05
G	71376809	71376809	4.45636060070036e-05
G	797646976	797646976	2.78883768416476e-05
G	797647824	797647824	2.79204652003327e-05
G	797649065	797649065	2.94908373042391e-05
G	797650689	797650689	3.50632633168229e-05
G	804049092	804049092	2.60702515990928e-05
G	818135410	818135410	4.40884809112336e-05
G	826231385	826231385	1.08231282811959e-05
G	841197683	841197683	3.28091072125913e-05
G	862302160	862302160	1.548027944977e-05
G	864907717	864907717	4.81756964409454e-05
G	864908017	864908017	4.69926298531799e-05
G	864908203	864908203	4.62523604084664e-05
G	864908404	864908404	4.59152740614229e-05
G	864908714	864908714	4.50502201111581e-05
G	864908820	864908820	4.46089996300291e-05
G	864910718	864910718	4.45848582371236e-05
G	864911060	864911060	4.45761134818291e-05
G	864916771	864916771	4.47629076505495e-05
G	864918528	864918528	4.52277698406015e-05
G	864930602	864930602	3.31871114943962e-05
G	864931129	864931129	3.33710664839098e-05
G	864932378	864932378	4.72024941196438e-05
L	100387559	100387559	2.90069964780428e-05
L	216467103	216467103	4.30003661568515e-05
L	216467801	216467801	4.46951427960819e-05
L	216468355	216468355	4.57333346803282e-05
L	216470116	216470116	3.54676424575039e-05
L	216474402	216474402	4.05850396234498e-05
L	216475879	216475879	4.34171462818525e-05
L	216476494	216476494	4.44076259876741e-05
L	216477511	216477511	4.61916292178056e-05
L	216477793	216477793	4.86754480307204e-05
L	216478181	216478181	4.96092543544831e-05
L	270813689	270813689	4.35005263654599e-05
L	288948556	288948556	4.82484401243859e-05
L	288949573	288949573	4.69909412929576e-05
L	289008702	289008702	1.96949174108819e-06
L	289011887	289011887	1.58672116442883e-06
L	289021383	289021383	3.77351932982394e-06
L	289130378	289130378	2.48077708297417e-09
L	289142968	289142968	2.5995118327138e-09
L	289353141	289353141	1.15451941113961e-07
L	289356527	289356527	2.54740398402756e-09
L	289382553	289382553	1.68249253644207e-08
L	289443091	289443091	6.21544844773003e-08
L	289453023	289453023	3.49415136812348e-07
L	289459598	289459598	3.14877743390737e-07
L	289474943	289474943	2.60396734851601e-07
L	289475863	289475863	2.51690463626285e-07
L	289476375	289476375	2.70796491470409e-07
L	289476950	289476950	5.9711642807041e-11
L	289479306	289479306	1.47523116380903e-07
L	289480834	289480834	1.37939603114401e-07
L	289485419	289485419	1.20405272012716e-07
L	289487024	289487024	1.95263745797533e-07
L	289492443	289492443	9.88383540611892e-08
L	289500236	289500236	8.83410469543989e-08
L	289502311	289502311	8.76318243479791e-08
L	289516727	289516727	8.46263994638186e-08
L	289523052	289523052	8.2484852714037e-08
L	289538558	289538558	1.07685932093397e-07
L	289539658	289539658	1.2501008546855e-07
L	289540003	289540003	1.25604039806227e-07
L	289544524	289544524	1.24308525399998e-07
L	289550089	289550089	1.19162729665461e-07
L	289557195	289557195	1.11725004814503e-07
L	289559732	289559732	1.08547381909294e-07
L	289566230	289566230	9.96748219146801e-08
L	289583577	289583577	1.93784298269962e-12
L	289588835	289588835	7.44730270814305e-08
L	289599435	289599435	6.89576438408594e-08
L	289602061	289602061	6.82851542852025e-08
L	289608486	289608486	6.48945833187179e-08
L	289609510	289609510	7.54996508762682e-08
L	289611034	289611034	1.23610850184366e-07
L	289621728	289621728	1.06931440720974e-07
L	289622436	289622436	1.06398055417093e-07
L	289623942	289623942	9.00945421994519e-07
L	289624465	289624465	8.99502474828297e-07
L	289625020	289625020	1.04571906214846e-07
L	289625084	289625084	1.04269176596363e-07
L	289625091	289625091	1.14052712634288e-07
L	289626727	289626727	1.78924199827879e-07
L	289626989	289626989	1.02446776611143e-07
L	289627208	289627208	1.08621390900703e-07
L	289628764	289628764	1.75634476986741e-07
L	289629052	289629052	1.74792703686655e-07
L	289629090	289629090	1.76821508671055e-07
L	289631068	289631068	1.69733606260659e-07
L	289631124	289631124	9.66999888802866e-08
L	289632229	289632229	1.71845466693583e-07
L	289632519	289632519	9.79289331980567e-08
L	289632620	289632620	9.79860034893757e-08
L	289633340	289633340	1.03227333153017e-07
L	289633360	289633360	1.03256818517278e-07
L	289633692	289633692	9.27460968449734e-07
L	289634534	289634534	9.33490820607306e-08
L	289634602	289634602	8.98922794754054e-07
L	289635840	289635840	9.39482362934465e-07
L	289638286	289638286	1.06430542292848e-06
L	289638313	289638313	1.17454815433751e-06
L	289638323	289638323	1.16205076273552e-06
L	289639255	289639255	9.46427710715088e-07
L	289640350	289640350	9.52066585402351e-07
L	289643142	289643142	9.59735861255716e-07
L	289643304	289643304	9.34637581401067e-08
L	289644167	289644167	1.64461890827276e-07
L	289644208	289644208	1.63651234821951e-07
L	289644716	289644716	9.30087975072635e-08
L	289646094	289646094	9.26989077321589e-08
L	289646183	289646183	9.26148197529641e-08
L	289646927	289646927	9.68347801459597e-07
L	289647288	289647288	9.17062149835429e-08
L	289647345	289647345	1.27005275068269e-11
L	289647361	289647361	1.04651838507462e-06
L	289649237	289649237	8.62382726807151e-08
L	289649445	289649445	9.07127589818007e-08
L	289650257	289650257	8.55154026498639e-08
L	289650875	289650875	8.52017907514372e-08
L	289651020	289651020	8.52805782134875e-08
L	289652236	289652236	8.67080605302477e-08
L	289652246	289652246	9.17417685897616e-08
L	289652860	289652860	9.16084730388955e-08
L	289653367	289653367	4.23864913669577e-06
L	289653723	289653723	9.62287918006266e-07
L	289654055	289654055	8.94703149289283e-08
L	289654061	289654061	8.9463188980581e-08
L	289655127	289655127	8.34273253993671e-08
L	289656702	289656702	8.31824182074605e-08
L	289656785	289656785	8.94243941073417e-13
L	289657601	289657601	8.73241664892716e-08
L	289657878	289657878	8.72678359843779e-08
L	289658315	289658315	8.2439181368797e-08
L	289658423	289658423	8.26666529565281e-08
L	289658494	289658494	1.11001070525503e-07
L	289658664	289658664	8.68512903855307e-08
L	289658771	289658771	8.34855874061159e-08
L	289658784	289658784	8.3568015827566e-08
L	289659287	289659287	8.2010368327432e-08
L	289659329	289659329	8.66849449035461e-08
L	289659386	289659386	8.17322693084955e-08
L	289659466	289659466	2.72508884629216e-06
L	289659568	289659568	2.61509672022273e-06
L	289660048	289660048	8.6380359476442e-08
L	289661156	289661156	8.59618989728614e-08
L	289670027	289670027	1.2417893019462e-06
L	289670492	289670492	1.5078842056457e-06
L	289670898	289670898	1.23061384471346e-06
L	289672024	289672024	1.52349120279418e-06
L	289674043	289674043	1.45312481378036e-06
L	289674328	289674328	1.4538989232532e-06
L	289674495	289674495	1.45146300548652e-06
L	289677199	289677199	1.19611717092047e-06
L	289677203	289677203	1.19396246910487e-06
L	289678239	289678239	5.54096084385845e-06
L	289681422	289681422	1.53282955656551e-06
L	289682353	289682353	5.5963405577768e-06
L	289683946	289683946	5.54851228843012e-07
L	289685602	289685602	5.6220889610366e-07
L	289685984	289685984	5.57901610217466e-07
L	289707920	289707920	1.31904342035688e-05
L	289709582	289709582	9.03183497302443e-06
L	289710541	289710541	5.9148718836485e-06
L	289710599	289710599	6.30853696019923e-06
L	289711017	289711017	6.35838939322246e-06
L	289711342	289711342	6.34842957405693e-06
L	289716095	289716095	3.55035051734537e-06
L	289717691	289717691	3.87178721247648e-06
L	289718718	289718718	3.65405374543608e-06
L	289720671	289720671	2.64075674271952e-06
L	289720765	289720765	2.64979069639456e-06
L	289726401	289726401	3.19672845499051e-06
L	289727303	289727303	5.21461294421997e-06
L	289728436	289728436	3.22065923445908e-06
L	289730058	289730058	3.22352887217413e-06
L	289734444	289734444	3.2008859964464e-06
L	289737391	289737391	3.19335189216822e-06
L	289738896	289738896	3.19613922856371e-06
L	289739336	289739336	3.21939220354307e-06
L	289739985	289739985	3.2075686874662e-06
L	289740876	289740876	3.24662962951778e-06
L	289740914	289740914	5.00650293786775e-06
L	289742990	289742990	5.47032470014881e-06
L	289744781	289744781	4.00312888725385e-06
L	289745204	289745204	6.23478644081545e-06
L	289746773	289746773	4.55324483625079e-06
L	289747419	289747419	4.80426735378994e-06
L	289784395	289784395	3.67701588026159e-06
L	289812916	289812916	2.03361153313741e-06
L	289817984	289817984	2.00648681051559e-06
L	290035445	290035445	1.28652533141318e-06
L	290079503	290079503	2.84600281838299e-06
L	291786781	291786781	8.67664116249724e-07
L	291857840	291857840	1.08461853746151e-05
L	377562231	377562231	4.22306965667152e-05
L	377564437	377564437	3.74089716844938e-05
L	469948089	469948089	4.46022412476602e-05
L	618196146	618196146	1.16262422933721e-05
L	622069287	622069287	2.75131127673851e-05
L	766987827	766987827	4.11474135392494e-05
L	766987852	766987852	3.46121279493824e-05
L	766987861	766987861	3.39950275811307e-05
L	766988014	766988014	3.56294455440958e-05
L	766988123	766988123	4.04533565473101e-05
L	766988225	766988225	3.64543919679997e-05
L	766988966	766988966	4.54245293390432e-05
L	836823714	836823714	3.22059818273136e-05
L	854763952	854763952	3.99839524279498e-05
L	855072092	855072092	2.67948290991716e-05
L	855078379	855078379	4.58233573891902e-06
L	855103648	855103648	3.86853152609558e-06
L	855119366	855119366	4.09215886411233e-06
L	855133236	855133236	4.20339785706039e-06
L	855204482	855204482	4.29715368420712e-05
L	855214698	855214698	2.37582504157715e-05
L	855224158	855224158	3.63737031540154e-05
L	855225903	855225903	3.59527703384442e-05
M	10688969	10688969	4.73208837962955e-05
M	182997204	182997204	4.47091435087066e-05
M	182997280	182997280	4.51041248884145e-05
M	182997420	182997420	4.5051271256222e-05
M	182997616	182997616	4.53575210791955e-05
M	182997858	182997858	4.59101278169953e-05
M	182998767	182998767	4.52778860691184e-05
M	182999636	182999636	4.50389334984825e-05
M	182999648	182999648	4.5086882892799e-05
M	183000951	183000951	3.10371193629507e-05
M	183001984	183001984	4.03296423195932e-05
M	183003366	183003366	4.00619126600769e-05
M	215796568	215796568	4.53136935864112e-06
M	215800530	215800530	1.62929190350352e-05
M	215807361	215807361	2.70067747340508e-06
M	215820013	215820013	2.68891570984369e-05
M	215820921	215820921	1.52743616328742e-05
M	215823346	215823346	5.8404693545091e-06
M	215824605	215824605	1.95781798403287e-05
M	215826108	215826108	2.5076892945762e-05
M	215827473	215827473	3.45134165432431e-06
M	215828724	215828724	7.24987376804486e-06
M	215830489	215830489	1.61707797479727e-06
M	215832447	215832447	2.23219921854589e-05
M	215832746	215832746	3.29877978087182e-06
M	250803081	250803081	1.98954289576027e-05
M	264366732	264366732	4.54147809198802e-05
M	264367023	264367023	4.98108178308686e-05
M	264367379	264367379	4.58228049991964e-05
M	264367457	264367457	4.82940930418152e-05
M	264385073	264385073	3.06617834357529e-05
M	264386416	264386416	3.79722428469567e-05
M	264386421	264386421	3.77986235246616e-05
M	289713054	289713054	1.56965435228167e-05
M	304720359	304720359	3.51594201431476e-05
M	383277372	383277372	4.01511556039353e-05
M	383277455	383277455	3.78863931783404e-05
M	383277862	383277862	3.76875443653068e-05
M	383277957	383277957	3.61760104808956e-05
M	383280384	383280384	2.71874441507258e-05
M	383280496	383280496	2.71077094745924e-05
M	383281065	383281065	2.72625958441654e-05
M	383282160	383282160	3.83465892344944e-05
M	383283376	383283376	2.56380902626757e-05
M	383283641	383283641	2.54268259323342e-05
M	383283791	383283791	2.43628438790378e-05
M	383283811	383283811	2.64266278169236e-05
M	383284135	383284135	2.64089453045982e-05
M	383284162	383284162	2.58588502119746e-05
M	383284910	383284910	2.64951626415432e-05
M	383285028	383285028	2.76534512820379e-05
M	383285062	383285062	2.75975404683142e-05
M	383285400	383285400	2.71477535252505e-05
M	383285528	383285528	2.79334525555964e-05
M	383285587	383285587	2.75267118793872e-05
M	383285921	383285921	2.66938674457617e-05
M	383286056	383286056	2.65848218861802e-05
M	383286139	383286139	2.65772364725919e-05
M	383286185	383286185	2.65207483499041e-05
M	383286247	383286247	2.6491574192303e-05
M	383286814	383286814	3.03537495236511e-05
M	383287534	383287534	3.28293828049496e-05
M	383287890	383287890	3.43360247738403e-05
M	383287967	383287967	3.70042245116634e-05
M	383287983	383287983	3.8178697307777e-05
M	383302357	383302357	1.24111829742824e-05
M	646149802	646149802	4.766959707967e-05
M	646169289	646169289	1.87222036594538e-06
M	646176229	646176229	4.49635586471698e-05
M	646178475	646178475	4.44098479680744e-05
M	646178998	646178998	1.72834870707892e-06
M	646252016	646252016	1.82141143022367e-05
M	646254917	646254917	1.89150289069418e-05
M	646269246	646269246	2.24826150310264e-05
M	694194540	694194540	1.73144909886604e-06
M	694194732	694194732	1.63997047858581e-06
M	694196644	694196644	7.94428192968073e-06
M	694198027	694198027	7.29791083722841e-06
M	694198408	694198408	7.27483242333894e-06
M	694199465	694199465	1.15143762207717e-05
M	694199802	694199802	2.52509954826542e-05
M	694201609	694201609	2.3711221022356e-05
M	694204473	694204473	3.54834109457274e-06
M	808533729	808533729	8.53751675448592e-06
M	808544365	808544365	4.15507362166851e-06
M	832668257	832668257	7.0199655215341e-06
M	832673800	832673800	2.5573955197675e-05
M	832680752	832680752	2.10078564016278e-05
M	832686177	832686177	1.77589177245519e-05
M	832687471	832687471	1.73585188849085e-05
M	832687812	832687812	1.73212439825595e-05
Naive_CD8	146573366	146573366	4.23851510203735e-05
Naive_CD8	250939292	250939292	4.36070450810779e-05
Naive_CD8	250944380	250944380	6.88576976719815e-06
Naive_CD8	250944439	250944439	6.79599027595064e-06
Naive_CD8	250944803	250944803	6.58224630524728e-06
Naive_CD8	250948109	250948109	2.22344718608117e-05
Naive_CD8	250948216	250948216	2.21924833213108e-05
Naive_CD8	250948487	250948487	4.16635189539906e-05
Naive_CD8	250956453	250956453	1.06259679661242e-05
Naive_CD8	250957415	250957415	1.77713745509351e-05
Naive_CD8	250957480	250957480	1.74879867744795e-05
Naive_CD8	283373282	283373282	4.14798800989163e-05
Naive_CD8	283374705	283374705	4.17398085627191e-05
Naive_CD8	283375004	283375004	4.254750045304e-05
Naive_CD8	385832819	385832819	4.11386728208953e-05
Naive_CD8	385832953	385832953	4.1085160968492e-05
Naive_CD8	405128397	405128397	3.99375898512124e-05
Naive_CD8	451924371	451924371	3.33981014993992e-05
Naive_CD8	451924614	451924614	3.2799870144879e-05
Naive_CD8	451924808	451924808	3.28505283957497e-05
Naive_CD8	451926318	451926318	3.28071165012573e-05
Naive_CD8	511571423	511571423	8.05814671629118e-06
Naive_CD8	57569104	57569104	2.31092838624008e-05
Naive_CD8	642862266	642862266	4.71442469705884e-05
Naive_CD8	764864127	764864127	1.05168949475813e-05
Naive_CD8	764864648	764864648	1.21885599708543e-05
Naive_CD8	764865412	764865412	2.42388070525086e-05
Naive_CD8	792271307	792271307	2.26816131697295e-05
Naive_CD8	795586268	795586268	2.4850259533634e-05
Naive_CD8	795587672	795587672	2.37599856877153e-05
Naive_CD8	795591533	795591533	4.18921464320914e-05
Naive_CD8	795594344	795594344	3.99656025024097e-05
Naive_CD8	795596145	795596145	3.9069710998928e-05
RAnR7n	205306931	205306931	1.53471739821431e-05
RAnR7n	205307882	205307882	1.50127567708809e-05
RAnR7n	205309086	205309086	1.44294280599009e-05
RAnR7n	205309211	205309211	1.44504153572971e-05
RAnR7n	205316243	205316243	1.49013395523392e-05
RAnR7n	205318602	205318602	1.00908698453145e-05
RAnR7n	205322618	205322618	4.15544574336485e-05
RAnR7n	205325760	205325760	9.13067137471836e-06
RAnR7n	209316760	209316760	3.89119568040466e-05
RAnR7n	281616718	281616718	7.00199059101627e-06
RAnR7n	281616740	281616740	1.82586073212235e-05
RAnR7n	281618955	281618955	1.83508579446481e-05
RAnR7n	288534065	288534065	1.45333692103451e-05
RAnR7n	288649353	288649353	3.42992570341831e-06
RAnR7n	288670096	288670096	4.3193812615259e-07
RAnR7n	288931105	288931105	1.17483592246928e-05
RAnR7n	288937217	288937217	1.16561248324206e-05
RAnR7n	288948556	288948556	9.26312313929731e-06
RAnR7n	288949573	288949573	8.86423197708751e-06
RAnR7n	288962098	288962098	1.20255565266276e-05
RAnR7n	289001285	289001285	1.03825017037334e-05
RAnR7n	289005439	289005439	1.23287281019467e-05
RAnR7n	289007072	289007072	1.23356121622193e-05
RAnR7n	289008702	289008702	1.17167703277588e-07
RAnR7n	289011887	289011887	9.39247705628125e-08
RAnR7n	289019074	289019074	1.16875933290752e-05
RAnR7n	289019210	289019210	5.77626286701522e-06
RAnR7n	289021383	289021383	6.0497465747495e-08
RAnR7n	289103921	289103921	4.79586543215606e-06
RAnR7n	289108869	289108869	4.24465984764109e-06
RAnR7n	289130378	289130378	9.7727984675724e-10
RAnR7n	289142968	289142968	1.0593039071657e-09
RAnR7n	289148560	289148560	8.04860869632197e-08
RAnR7n	289212067	289212067	1.60411379785503e-08
RAnR7n	289353141	289353141	1.22342755276453e-09
RAnR7n	289356527	289356527	9.55432126948095e-11
RAnR7n	289382553	289382553	9.53177535419872e-14
RAnR7n	289443091	289443091	7.02491508731777e-13
RAnR7n	289453023	289453023	1.71771677189575e-12
RAnR7n	289459598	289459598	1.25851767916929e-12
RAnR7n	289474943	289474943	1.21286948956838e-13
RAnR7n	289475863	289475863	1.16072628109633e-13
RAnR7n	289476375	289476375	1.19499863404706e-13
RAnR7n	289476950	289476950	3.05825368696228e-18
RAnR7n	289479306	289479306	5.20041061953001e-14
RAnR7n	289480834	289480834	4.64091579341985e-14
RAnR7n	289485419	289485419	3.67993577415683e-14
RAnR7n	289487024	289487024	6.77993761288491e-14
RAnR7n	289492443	289492443	2.59480137124551e-14
RAnR7n	289500236	289500236	1.90562374617665e-14
RAnR7n	289502311	289502311	1.76706687763307e-14
RAnR7n	289516727	289516727	1.10262568077773e-14
RAnR7n	289523052	289523052	9.00920930910009e-15
RAnR7n	289538558	289538558	2.25008217167813e-15
RAnR7n	289539658	289539658	2.04548119986007e-15
RAnR7n	289540003	289540003	2.05557100193459e-15
RAnR7n	289544524	289544524	1.99720732150901e-15
RAnR7n	289550089	289550089	1.86913320489755e-15
RAnR7n	289557195	289557195	1.85589349507738e-15
RAnR7n	289559732	289559732	1.83220120878361e-15
RAnR7n	289566230	289566230	1.81168695153833e-15
RAnR7n	289583577	289583577	5.32230299831796e-24
RAnR7n	289588835	289588835	1.85991435508363e-15
RAnR7n	289599435	289599435	1.99222216778551e-15
RAnR7n	289602000	289602000	7.49082191364799e-06
RAnR7n	289602061	289602061	1.90745173985052e-15
RAnR7n	289608486	289608486	2.03326644838055e-15
RAnR7n	289609510	289609510	3.1878528520593e-15
RAnR7n	289611034	289611034	3.59329578220681e-15
RAnR7n	289621728	289621728	4.50240208847788e-15
RAnR7n	289622436	289622436	4.54360756217181e-15
RAnR7n	289623942	289623942	5.6717559636e-07
RAnR7n	289624465	289624465	5.72862869190349e-07
RAnR7n	289625020	289625020	4.74514903087461e-15
RAnR7n	289625084	289625084	4.74772145154631e-15
RAnR7n	289625091	289625091	4.59465222998492e-15
RAnR7n	289626727	289626727	1.06143974850034e-14
RAnR7n	289626989	289626989	4.91181256597222e-15
RAnR7n	289627208	289627208	4.71715840593182e-15
RAnR7n	289628764	289628764	1.09427270425303e-14
RAnR7n	289629052	289629052	1.0940666540663e-14
RAnR7n	289629090	289629090	1.13167791583672e-14
RAnR7n	289631068	289631068	1.35053718587061e-14
RAnR7n	289631124	289631124	6.23236996025185e-15
RAnR7n	289632229	289632229	1.16395811381702e-14
RAnR7n	289632519	289632519	5.3920063259159e-15
RAnR7n	289632620	289632620	5.39508938801717e-15
RAnR7n	289633340	289633340	6.02259493468489e-15
RAnR7n	289633360	289633360	6.03343624179703e-15
RAnR7n	289633692	289633692	6.48179009308418e-07
RAnR7n	289634534	289634534	6.00903873323599e-15
RAnR7n	289634602	289634602	6.77818147212443e-07
RAnR7n	289635840	289635840	6.65905442824367e-07
RAnR7n	289638286	289638286	7.51983378013176e-07
RAnR7n	289638313	289638313	8.46452536359848e-07
RAnR7n	289638323	289638323	8.42524420632188e-07
RAnR7n	289639255	289639255	6.86600858563651e-07
RAnR7n	289640350	289640350	6.97523915626265e-07
RAnR7n	289643142	289643142	7.18536361013684e-07
RAnR7n	289643304	289643304	6.47840083491806e-15
RAnR7n	289644167	289644167	1.44089239950993e-14
RAnR7n	289644208	289644208	1.42240348465744e-14
RAnR7n	289644716	289644716	6.6447379608799e-15
RAnR7n	289646094	289646094	6.77167668721286e-15
RAnR7n	289646183	289646183	6.76189063578595e-15
RAnR7n	289646927	289646927	7.48444079593438e-07
RAnR7n	289647288	289647288	6.97200993912153e-15
RAnR7n	289647345	289647345	8.99661092604889e-20
RAnR7n	289647361	289647361	8.34686428587117e-07
RAnR7n	289649237	289649237	7.00154685004301e-15
RAnR7n	289649445	289649445	7.37763832760979e-15
RAnR7n	289650257	289650257	7.21635032077679e-15
RAnR7n	289650875	289650875	7.24690019768092e-15
RAnR7n	289651020	289651020	7.28826864689497e-15
RAnR7n	289652236	289652236	7.64117173038129e-15
RAnR7n	289652246	289652246	8.06740944479668e-15
RAnR7n	289652860	289652860	8.11195626506614e-15
RAnR7n	289653367	289653367	4.57503250674725e-06
RAnR7n	289653723	289653723	8.16364683243183e-07
RAnR7n	289654055	289654055	7.90589386789074e-15
RAnR7n	289654061	289654061	7.91990681154194e-15
RAnR7n	289655127	289655127	7.91005116407506e-15
RAnR7n	289656702	289656702	8.16542071660418e-15
RAnR7n	289656785	289656785	1.58132411398827e-23
RAnR7n	289657601	289657601	8.7832785082643e-15
RAnR7n	289657878	289657878	8.80960026419353e-15
RAnR7n	289658315	289658315	8.43535310629433e-15
RAnR7n	289658423	289658423	8.53102381557491e-15
RAnR7n	289658494	289658494	2.25629568419079e-14
RAnR7n	289658664	289658664	8.97323300900195e-15
RAnR7n	289658771	289658771	8.88654862922217e-15
RAnR7n	289658784	289658784	8.9635140936448e-15
RAnR7n	289659287	289659287	8.72977100233098e-15
RAnR7n	289659329	289659329	9.10379013744998e-15
RAnR7n	289659386	289659386	8.8161746351542e-15
RAnR7n	289659466	289659466	5.83648042300196e-06
RAnR7n	289659568	289659568	5.71968343810456e-06
RAnR7n	289660048	289660048	9.4276964461426e-15
RAnR7n	289661156	289661156	9.77846118559486e-15
RAnR7n	289670027	289670027	4.54590642782831e-13
RAnR7n	289670492	289670492	5.69818047932152e-13
RAnR7n	289670898	289670898	4.73742265506706e-13
RAnR7n	289672024	289672024	5.90171999825838e-13
RAnR7n	289674043	289674043	6.07819080237645e-13
RAnR7n	289674328	289674328	6.11575702896215e-13
RAnR7n	289674495	289674495	6.17455200841649e-13
RAnR7n	289677199	289677199	9.83451653534597e-13
RAnR7n	289677203	289677203	9.83294917128985e-13
RAnR7n	289678239	289678239	2.16828422799449e-06
RAnR7n	289681422	289681422	7.93480491683343e-13
RAnR7n	289682353	289682353	2.14963866987991e-11
RAnR7n	289683946	289683946	1.26207323191847e-11
RAnR7n	289685602	289685602	1.33586860189036e-11
RAnR7n	289685984	289685984	1.35813648672213e-11
RAnR7n	289707920	289707920	2.39929926217041e-08
RAnR7n	289709582	289709582	1.58265242015825e-08
RAnR7n	289710541	289710541	1.183126443388e-08
RAnR7n	289710599	289710599	1.01177389119938e-08
RAnR7n	289711017	289711017	1.01297203457116e-08
RAnR7n	289711342	289711342	1.00022348229485e-08
RAnR7n	289713350	289713350	4.19331328025142e-05
RAnR7n	289716095	289716095	5.8982280441148e-09
RAnR7n	289717691	289717691	4.86567441602868e-09
RAnR7n	289718718	289718718	5.49798805282554e-09
RAnR7n	289720671	289720671	3.03642793382482e-09
RAnR7n	289720765	289720765	3.03015895476273e-09
RAnR7n	289726401	289726401	6.35254209636587e-09
RAnR7n	289727303	289727303	7.20320611692448e-09
RAnR7n	289728436	289728436	6.42946548997851e-09
RAnR7n	289730058	289730058	6.44437034888119e-09
RAnR7n	289730517	289730517	1.32745199336717e-05
RAnR7n	289734444	289734444	6.40906995432545e-09
RAnR7n	289737222	289737222	1.32335580643819e-05
RAnR7n	289737391	289737391	6.40155203028369e-09
RAnR7n	289738896	289738896	6.40885893860021e-09
RAnR7n	289739237	289739237	1.31919177082386e-05
RAnR7n	289739336	289739336	6.48670950955111e-09
RAnR7n	289739985	289739985	6.47369099230584e-09
RAnR7n	289740305	289740305	3.07332802498198e-05
RAnR7n	289740520	289740520	1.31759122667141e-05
RAnR7n	289740876	289740876	6.6008553192102e-09
RAnR7n	289740914	289740914	8.79367055595879e-09
RAnR7n	289742990	289742990	1.02140214153337e-08
RAnR7n	289744781	289744781	9.40100246991187e-09
RAnR7n	289745204	289745204	1.27519487466792e-08
RAnR7n	289746773	289746773	1.16409884273615e-08
RAnR7n	289747419	289747419	1.26849010367372e-08
RAnR7n	289775454	289775454	6.61613244048795e-07
RAnR7n	289779595	289779595	7.97538218850984e-07
RAnR7n	289784395	289784395	6.45206330273283e-07
RAnR7n	289812916	289812916	1.05431395712207e-05
RAnR7n	289817984	289817984	1.05255463474813e-05
RAnR7n	290035445	290035445	3.63347914274419e-07
RAnR7n	290079503	290079503	4.86163162905399e-07
RAnR7n	290138509	290138509	4.77084751980413e-05
RAnR7n	291786781	291786781	2.50362360433749e-06
RAnR7n	291823984	291823984	2.39332338053185e-05
RAnR7n	293721436	293721436	2.46215929753035e-05
RAnR7n	306466314	306466314	4.1972222275329e-05
RAnR7n	306467862	306467862	4.29776805859761e-05
RAnR7n	306468858	306468858	4.4925662447082e-05
RAnR7n	392325682	392325682	3.66140898405447e-05
RAnR7n	410827515	410827515	1.33602114968319e-05
RAnR7n	410828665	410828665	1.37900639783331e-05
RAnR7n	464139897	464139897	5.18540774473328e-06
RAnR7n	464145052	464145052	3.43974974165128e-06
RAnR7n	47272131	47272131	2.59592867975356e-05
RAnR7n	561359292	561359292	2.96927840036141e-05
RAnR7n	561511746	561511746	2.89530302723823e-05
RAnR7n	634868695	634868695	3.24476237475936e-05
RAnR7n	634902280	634902280	2.12833564903381e-05
RAnR7n	634920315	634920315	4.66233389257804e-05
RAnR7n	634920524	634920524	4.70780940679645e-05
RAnR7n	634920950	634920950	4.69916846601982e-05
RAnR7n	634921152	634921152	4.84086759472677e-05
RAnR7n	645002700	645002700	1.91627777962073e-05
RAnR7n	645006179	645006179	2.087384796382e-05
RAnR7n	726845696	726845696	6.38536530854946e-06
RAnR7n	726848006	726848006	6.64027673257699e-06
RAnR7n	726848630	726848630	2.10518712190424e-05
RAnR7n	824966687	824966687	1.92045385447779e-06
RAnR7n	824967541	824967541	1.96835683138529e-06
RAnR7n	824968404	824968404	1.92810253868317e-06
RAnR7n	824970477	824970477	1.92556522546251e-06
RAnR7n	824971482	824971482	1.92598505967684e-06
RAnR7n	824972299	824972299	1.92821449106244e-06
RAnR7n	824972596	824972596	1.92593288326649e-06
RAnR7n	824975470	824975470	1.92885239671139e-06
RAnR7n	824976314	824976314	1.93151185439156e-06
RAnR7n	824976396	824976396	1.93001267327392e-06
RAnR7n	824976540	824976540	1.93345202344034e-06
RAnR7n	824976735	824976735	1.93372149296801e-06
RAnR7n	824977538	824977538	1.93516042655054e-06
RAnR7n	824978160	824978160	1.93734640098872e-06
RAnR7n	824979512	824979512	1.93280664417966e-06
RAnR7n	824979521	824979521	1.93657455936956e-06
RAnR7n	824980640	824980640	1.93574474858472e-06
RAnR7n	824981674	824981674	1.93879132067732e-06
RAnR7n	824981785	824981785	1.93869507083562e-06
RAnR7n	824982688	824982688	2.66815837709043e-06
RAnR7n	824982751	824982751	1.93998022492329e-06
RAnR7n	824983416	824983416	1.93918765537904e-06
RAnR7n	824983982	824983982	1.93804658397044e-06
RAnR7n	824984745	824984745	1.94029141391098e-06
RAnR7n	824985407	824985407	1.99748223058491e-06
RAnR7n	824985888	824985888	1.94201397194993e-06
RAnR7n	824986376	824986376	1.94269595664713e-06
RAnR7n	824986448	824986448	1.94015155884674e-06
RAnR7n	824986732	824986732	1.57524064883396e-06
RAnR7n	824986823	824986823	1.92677121290078e-06
RAnR7n	824987254	824987254	1.94632370792187e-06
RAnR7n	824987584	824987584	1.94245482237145e-06
RAnR7n	824988439	824988439	1.9498706901507e-06
RAnR7n	824989211	824989211	1.94654198275925e-06
RAnR7n	824989926	824989926	1.94651530823996e-06
RAnR7n	824989988	824989988	1.94696644284161e-06
RAnR7n	824991158	824991158	1.95506828129739e-06
RAnR7n	824991516	824991516	1.95431654590211e-06
RAnR7n	824992413	824992413	1.94920476944481e-06
RAnR7n	824992980	824992980	1.95060649328864e-06
RAnR7n	824993404	824993404	1.94947067786762e-06
RAnR7n	824994395	824994395	1.95022199965137e-06
RAnR7n	824996031	824996031	1.9532384305139e-06
RAnR7n	824996034	824996034	1.9523871109801e-06
RAnR7n	824996130	824996130	1.95502780816923e-06
RAnR7n	824998437	824998437	1.95733959174383e-06
RAnR7n	824999177	824999177	1.9600350007351e-06
RAnR7n	824999287	824999287	1.95889358816827e-06
RAnR7n	825000085	825000085	1.95914832653122e-06
RAnR7n	825000102	825000102	1.95585418202151e-06
RAnR7n	825000586	825000586	1.9587673598646e-06
RAnR7n	825000745	825000745	1.95933430741458e-06
RAnR7n	825001830	825001830	1.96819987588345e-06
RAnR7n	825003741	825003741	1.97445200883838e-06
RAnR7n	825005559	825005559	1.96520667371363e-06
RAnR7n	825005735	825005735	1.96637582609736e-06
RAnR7n	825008284	825008284	1.972831933628e-06
RAnR7n	825012800	825012800	1.98541328938501e-06
RAnR7n	825015216	825015216	1.98803394064354e-06
RAnR7n	825016066	825016066	1.98446048051667e-06
RAnR7n	825016233	825016233	1.98231880278834e-06
RAnR7n	825017089	825017089	1.98542861397673e-06
RAnR7n	825018049	825018049	1.98578481817459e-06
RAnR7n	825018342	825018342	1.98945163926831e-06
RAnR7n	825018652	825018652	1.98922626241998e-06
RAnR7n	825018735	825018735	1.98844262365343e-06
RAnR7n	825019032	825019032	1.98859848965609e-06
RAnR7n	825019988	825019988	1.98697772368114e-06
RAnR7n	825020799	825020799	1.98348270427707e-06
RAnR7n	825021497	825021497	1.98394687312241e-06
RAnR7n	825022115	825022115	1.98091806754086e-06
RAnR7n	825022581	825022581	1.98203327333697e-06
RAnR7n	825023767	825023767	1.98285828979494e-06
RAnR7n	825024875	825024875	1.97988506975352e-06
RAnR7n	825025759	825025759	1.97971281882519e-06
RAnR7n	825028057	825028057	1.98243226027675e-06
RAnR7n	825028382	825028382	1.98195621906783e-06
RAnR7n	825031092	825031092	1.98324834125307e-06
RAnR7n	825031571	825031571	1.98767403352696e-06
RAnR7n	825032212	825032212	1.98811048200857e-06
RAnR7n	825032404	825032404	1.984846561759e-06
RAnR7n	825032859	825032859	1.98625605338013e-06
RAnR7n	825032999	825032999	1.98729707861397e-06
RAnR7n	825033417	825033417	1.9336104373998e-06
RAnR7n	836770703	836770703	4.15623225964261e-06
RAnR7n	836823714	836823714	1.56295292533909e-05
RAnR7n	836917521	836917521	2.7386753796802e-05
RAnR7n	868973384	868973384	4.5443835659448e-05
RAnR7n	868974572	868974572	3.25642334361436e-05
RAnR7n	878468006	878468006	4.36467603558808e-05
RAnR7n	878470158	878470158	2.8087908040159e-05
RAnR7n	878474227	878474227	3.08403731469398e-05
RAnR7n	878474590	878474590	3.14294696191274e-05
RAnR7n	878475832	878475832	3.4321708700179e-05
RAnR7n	878477224	878477224	2.47686549574109e-05
RAnR7n	878478116	878478116	4.33799361968691e-05
RAnR7n	878478465	878478465	3.5549062409061e-05
RAnR7n_EM_CD8	263529516	263529516	3.93380297272593e-05
RAnR7n_EM_CD8	263534954	263534954	3.86194640684308e-05
RAnR7n_EM_CD8	263540335	263540335	3.97754888110497e-05
RAnR7n_EM_CD8	263540864	263540864	3.99645172559579e-05
RAnR7n_EM_CD8	263541621	263541621	4.02665255569485e-05
RAnR7n_EM_CD8	289382553	289382553	2.01596054869699e-05
RAnR7n_EM_CD8	289443091	289443091	7.87877098633031e-06
RAnR7n_EM_CD8	289476950	289476950	2.4416121625337e-07
RAnR7n_EM_CD8	289583577	289583577	4.02940516490871e-08
RAnR7n_EM_CD8	289647345	289647345	3.46144913750268e-07
RAnR7n_EM_CD8	289656785	289656785	9.22805767879112e-08
RAnR7n_EM_CD8	496237925	496237925	3.36967618943559e-05
RAnR7n_EM_CD8	498927802	498927802	2.61126016611494e-06
RAnR7n_EM_CD8	561509068	561509068	1.41648917986579e-05
RAnR7n_EM_CD8	716146108	716146108	4.19826523233329e-05
RAnR7n_EM_CD8	757904470	757904470	3.92979109587587e-05
RAnR7n_EM_CD8	757917980	757917980	4.01299228508638e-05
RAnR7n_EM_CD8	757918869	757918869	3.99566541335606e-05
RAnR7n_EM_CD8	800976045	800976045	3.7388142135034e-06
RAnR7n_EM_CD8	800977083	800977083	2.27017844659335e-06
RAnR7n_EM_CD8	800979099	800979099	5.4307557792804e-06
RAnR7n_EM_CD8	800981582	800981582	2.40065796515408e-06
RAnR7n_EM_CD8	800982678	800982678	2.49467290976841e-06
RAnR7n_EM_CD8	800992746	800992746	1.19328523381852e-06
RAnR7n_EM_CD8	800993709	800993709	1.16849732752955e-06
RAnR7n_EM_CD8	800998662	800998662	1.31549439885248e-06
RAnR7n_EM_CD8	800999431	800999431	1.28597663612971e-06
RAnR7n_EM_CD8	801001314	801001314	4.07784849954286e-06
RAnR7n_EM_CD8	801002556	801002556	2.8209167085402e-05
RAnR7n_EM_CD8	801005290	801005290	4.94387316393739e-05
RAnR7n_EM_CD8	801005557	801005557	3.34043064164088e-06
RAnR7n_EM_CD8	801014326	801014326	2.81017766323883e-06
RAnR7n_EM_CD8	801018058	801018058	1.24354956634879e-05
RAnR7n_EM_CD8	801018534	801018534	1.24490474167129e-05
RAnR7n_EM_CD8	801023670	801023670	1.5961303291523e-05
RAnR7n_EM_CD8	801023809	801023809	1.59357520451056e-05
RAnR7n_EM_CD8	801024378	801024378	1.59288411058954e-05
RAnR7n_EM_CD8	801024746	801024746	1.6293074564612e-05
RAnR7n_EM_CD8	818774591	818774591	4.30798587831551e-05
RAnR7n_EM_CD8	873632845	873632845	1.9124850941672e-05
RAnR7p	164496367	164496367	4.47815856414899e-05
RAnR7p	172972828	172972828	5.64055140708241e-06
RAnR7p	289583577	289583577	4.01545542985741e-05
RAnR7p	291823984	291823984	4.37297280415241e-05
RAnR7p	303713403	303713403	1.68203926834208e-05
RAnR7p	316725857	316725857	3.11179941856372e-05
RAnR7p	645471322	645471322	3.82548200538073e-05
RAnR7p	645472553	645472553	3.92523904176963e-05
RAnR7p	645474130	645474130	4.01339429293667e-05
RAnR7p	645482026	645482026	3.95826436169423e-05
RAnR7p	645488235	645488235	2.87449383758758e-05
RAnR7p	657561529	657561529	4.00947901088203e-05
RAnR7p	758986566	758986566	4.85843180041324e-05
RAnR7p	758989337	758989337	4.96840640505067e-05
RAnR7p	836893230	836893230	4.7885767552545e-05
RAnR7p	836897360	836897360	4.64241706936753e-05
RAnR7p	836900255	836900255	4.62140486372096e-05
RAnR7p	836902657	836902657	6.41097475748006e-06
RAnR7p	836907270	836907270	3.29759507372248e-05
RAnR7p	836932001	836932001	1.90070157239746e-05
RAnR7p	836932047	836932047	1.87355665979597e-05
RAnR7p	836932187	836932187	2.45997044321744e-05
RAnR7p	836935238	836935238	2.46374342553441e-05
RAnR7p	836936628	836936628	2.46338553153308e-05
RAnR7p	836936986	836936986	2.46155566099765e-05
RAnR7p	836937289	836937289	2.46060871355789e-05
RAnR7p	836940266	836940266	2.44050655127774e-05
RAnR7p	869060907	869060907	4.82033729851975e-05
RAnR7p	878468006	878468006	1.20053089127297e-06
RAnR7p	878468089	878468089	2.87506453603822e-06
RAnR7p	878470158	878470158	4.76028065114462e-07
RAnR7p	878474227	878474227	4.85215944968879e-07
RAnR7p	878474590	878474590	4.95659910225658e-07
RAnR7p	878475832	878475832	5.40505621918115e-07
RAnR7p	878477224	878477224	2.67111518143016e-07
RAnR7p	878478116	878478116	3.04938645195143e-07
RAnR7p	878478465	878478465	2.65148229007936e-07
RAnR7p	878480821	878480821	2.80204531240591e-07
RAnR7p	878481296	878481296	5.02615277292728e-08
RAnR7p	878482613	878482613	1.32172755570525e-07
RAnR7p	878482779	878482779	1.33480534541126e-07
RAnR7p	878482902	878482902	1.36820049449333e-07
RAnR7p	878483542	878483542	1.36684350294643e-07
RAnR7p	878483678	878483678	3.61462320319844e-07
RAnR7p	878483757	878483757	1.3885529693131e-07
RAnR7p	878483974	878483974	1.57799709936957e-07
RAnR7p	878483983	878483983	1.58281120116724e-07
RAnR7p	878484347	878484347	1.4242120961132e-07
RAnR7p	878484526	878484526	4.31685569169618e-08
RAnR7p	878484547	878484547	4.31091698049214e-08
RAnR7p	878484637	878484637	6.07240993735457e-08
RAnR7p	878484721	878484721	5.85823037074898e-08
RAnR7p	878484778	878484778	2.74802506901759e-07
RAnR7p	878485874	878485874	3.16691085549184e-06
RAnR7p	878486759	878486759	1.46366690213946e-06
RAnR7p	878487624	878487624	3.32196682112282e-06
RAnR7p	878488478	878488478	4.90410941810362e-07
RAnR7p	878488482	878488482	4.89580130642287e-07
RAnR7p	878488499	878488499	4.90972761220234e-07
RAp25p	180520419	180520419	2.52245024168613e-05
RAp25p	180531008	180531008	2.04296533840085e-05
RAp25p	180531489	180531489	2.1247364317552e-05
RAp25p	273468190	273468190	2.94513014933286e-05
RAp25p	283285581	283285581	3.5577700922174e-05
RAp25p	283286554	283286554	3.74380656372797e-05
RAp25p	283287354	283287354	3.18148000905822e-05
RAp25p	283290040	283290040	2.51121627080029e-05
RAp25p	283290186	283290186	2.83723123064164e-05
RAp25p	283291155	283291155	2.57842307641792e-05
RAp25p	283291611	283291611	2.552219183963e-05
RAp25p	283292247	283292247	2.85294111549935e-05
RAp25p	283293406	283293406	2.45484638859543e-05
RAp25p	283293435	283293435	2.44791406687934e-05
RAp25p	283294168	283294168	2.39366285361606e-05
RAp25p	283294525	283294525	2.39276842151229e-05
RAp25p	283294611	283294611	2.39339676497171e-05
RAp25p	283294917	283294917	2.38957246179888e-05
RAp25p	283294927	283294927	2.38845032772052e-05
RAp25p	283295048	283295048	2.38765695345944e-05
RAp25p	283295144	283295144	2.38800152779594e-05
RAp25p	283295785	283295785	2.38932217259754e-05
RAp25p	283295991	283295991	2.38995649165754e-05
RAp25p	283296044	283296044	2.38934121333976e-05
RAp25p	283296123	283296123	2.39819869428252e-05
RAp25p	283296373	283296373	2.39647147308744e-05
RAp25p	283296374	283296374	2.39043232358874e-05
RAp25p	283296502	283296502	2.39063874371465e-05
RAp25p	283296577	283296577	2.39315922558497e-05
RAp25p	283296664	283296664	2.38831677680747e-05
RAp25p	283296781	283296781	2.34519427187122e-05
RAp25p	283296784	283296784	2.39042919951926e-05
RAp25p	283296942	283296942	2.39117371504834e-05
RAp25p	283296949	283296949	2.39208190243133e-05
RAp25p	283297022	283297022	2.83606190795247e-05
RAp25p	283297162	283297162	2.25435438645449e-05
RAp25p	283297364	283297364	2.39080164360877e-05
RAp25p	283297482	283297482	2.38903662586618e-05
RAp25p	283297602	283297602	2.38655750920378e-05
RAp25p	283297636	283297636	2.39067064394933e-05
RAp25p	283297754	283297754	2.37869157166789e-05
RAp25p	283298291	283298291	2.82573574450962e-05
RAp25p	283298944	283298944	2.82116122558703e-05
RAp25p	283299263	283299263	2.82381412565415e-05
RAp25p	283299630	283299630	2.82267321812497e-05
RAp25p	283299695	283299695	2.82335522817941e-05
RAp25p	283299722	283299722	2.82340284547679e-05
RAp25p	283300065	283300065	2.82060505644434e-05
RAp25p	283300362	283300362	2.82096241796818e-05
RAp25p	283300659	283300659	2.81372848338659e-05
RAp25p	283301297	283301297	2.81622850252344e-05
RAp25p	283301548	283301548	2.81348647094153e-05
RAp25p	283302192	283302192	2.80892443533128e-05
RAp25p	283302291	283302291	2.80869117945791e-05
RAp25p	283302325	283302325	2.801985402052e-05
RAp25p	283302390	283302390	2.80338881283211e-05
RAp25p	283302458	283302458	2.80301398796909e-05
RAp25p	283302993	283302993	2.8665931332661e-05
RAp25p	283303107	283303107	2.81029294877985e-05
RAp25p	283303173	283303173	2.80370190355743e-05
RAp25p	283303510	283303510	2.80831338578577e-05
RAp25p	283304412	283304412	2.80220077949339e-05
RAp25p	283304465	283304465	2.79871013285322e-05
RAp25p	283304709	283304709	2.72089816876048e-05
RAp25p	283304714	283304714	2.80000807423371e-05
RAp25p	283304841	283304841	2.80621824677896e-05
RAp25p	283305056	283305056	2.79720170664623e-05
RAp25p	283305524	283305524	2.80037357872462e-05
RAp25p	283305557	283305557	2.80099244333624e-05
RAp25p	283306271	283306271	2.7941188673854e-05
RAp25p	283306303	283306303	2.80622298230642e-05
RAp25p	283306668	283306668	2.79613228153182e-05
RAp25p	283306777	283306777	2.80706811199674e-05
RAp25p	283306931	283306931	2.79839021330955e-05
RAp25p	283306935	283306935	2.79810990435322e-05
RAp25p	283307753	283307753	2.79402322741771e-05
RAp25p	283308009	283308009	2.79389597908205e-05
RAp25p	283308568	283308568	2.7974313997724e-05
RAp25p	283308972	283308972	2.79231531845794e-05
RAp25p	283309034	283309034	2.79610687012564e-05
RAp25p	283310313	283310313	2.96804648396626e-05
RAp25p	283310327	283310327	2.91057212699574e-05
RAp25p	283311476	283311476	2.78970177172195e-05
RAp25p	283312420	283312420	2.04806907212103e-05
RAp25p	283324928	283324928	4.16718658456085e-06
RAp25p	283325886	283325886	4.15465556267822e-06
RAp25p	283327831	283327831	4.16706473121572e-06
RAp25p	283330025	283330025	4.16590351799636e-06
RAp25p	283334586	283334586	4.19491976204577e-06
RAp25p	283335119	283335119	4.17041405609568e-06
RAp25p	283336764	283336764	4.1174323632357e-06
RAp25p	283338805	283338805	4.04621258151184e-06
RAp25p	283341230	283341230	4.14322059134492e-06
RAp25p	283347871	283347871	3.97845576123758e-06
RAp25p	283347992	283347992	3.55595310809816e-06
RAp25p	283354655	283354655	3.55288300013754e-06
RAp25p	283355149	283355149	3.54443507339156e-06
RAp25p	283358251	283358251	3.48598408976321e-06
RAp25p	283358808	283358808	3.47508596868391e-06
RAp25p	283361061	283361061	2.50898029208793e-05
RAp25p	289583577	289583577	1.22839211181968e-05
RAp25p	289623942	289623942	3.31894360552075e-05
RAp25p	289624465	289624465	3.29370760851953e-05
RAp25p	289633692	289633692	3.06612806469584e-05
RAp25p	289634602	289634602	3.08311490953273e-05
RAp25p	289635840	289635840	3.08404623732018e-05
RAp25p	289638286	289638286	2.21360868509401e-05
RAp25p	289638313	289638313	2.27254021561561e-05
RAp25p	289638323	289638323	2.25904182617963e-05
RAp25p	289639255	289639255	3.00485513252488e-05
RAp25p	289640350	289640350	2.99256053823405e-05
RAp25p	289643142	289643142	2.94280433196894e-05
RAp25p	289646927	289646927	2.87490751634816e-05
RAp25p	289647345	289647345	3.25966583486273e-05
RAp25p	289647361	289647361	2.89381651874413e-05
RAp25p	289653723	289653723	2.70340949267574e-05
RAp25p	289656785	289656785	6.23339169543982e-06
RAp25p	409560339	409560339	3.120213656592e-06
RAp25p	409561757	409561757	3.15743985426258e-06
RAp25p	409567032	409567032	3.22186377769125e-06
RAp25p	409567060	409567060	3.22249059762817e-06
RAp25p	409567400	409567400	3.23584088836275e-06
RAp25p	409573943	409573943	2.67710078716417e-05
RAp25p	409575524	409575524	3.93219476342908e-06
RAp25p	409577594	409577594	3.99234413052153e-06
RAp25p	409577781	409577781	4.01782490374886e-06
RAp25p	409578084	409578084	4.02187677301999e-06
RAp25p	409578196	409578196	4.03078422290448e-06
RAp25p	409588102	409588102	3.55707702525367e-05
RAp25p	409588612	409588612	3.55008890778375e-05
RAp25p	409588854	409588854	3.57905788059097e-05
RAp25p	409588893	409588893	3.58746266734643e-05
RAp25p	409589139	409589139	3.59044843097952e-05
RAp25p	409590105	409590105	3.61677009177812e-05
RAp25p	409590911	409590911	3.65225258727189e-05
RAp25p	409591419	409591419	3.67137304599326e-05
RAp25p	409595167	409595167	3.72425210231459e-05
RAp25p	409595353	409595353	3.7421340156536e-05
RAp25p	409595534	409595534	3.73952479376182e-05
RAp25p	409595569	409595569	3.75169520500897e-05
RAp25p	409597229	409597229	3.81900765829666e-05
RAp25p	409602527	409602527	3.62917360481474e-05
RAp25p	409603583	409603583	3.64205744870093e-05
RAp25p	409607958	409607958	3.7017394200132e-05
RAp25p	409608196	409608196	3.32131950610733e-05
RAp25p	409613461	409613461	3.79522547724774e-05
RAp25p	409613489	409613489	3.77666122046536e-05
RAp25p	409641077	409641077	1.75796113417562e-05
RAp25p	447189409	447189409	2.94339269187345e-05
RAp25p	465799002	465799002	3.12026616316157e-05
RAp25p	475994029	475994029	4.46703814130415e-05
RAp25p	475994255	475994255	4.46275278589465e-05
RAp25p	475994808	475994808	4.47516079334695e-05
RAp25p	475994859	475994859	4.43549539554308e-05
RAp25p	475995030	475995030	4.54482128812524e-05
RAp25p	475995234	475995234	4.36567736407135e-05
RAp25p	475995724	475995724	4.33612491200255e-05
RAp25p	475996408	475996408	4.45202715703578e-05
RAp25p	475996419	475996419	4.43986087720258e-05
RAp25p	475996928	475996928	4.24975671087818e-05
RAp25p	475997398	475997398	4.19927975996395e-05
RAp25p	475997553	475997553	4.20142924157308e-05
RAp25p	475997618	475997618	4.21368715133394e-05
RAp25p	475997830	475997830	4.20999140518915e-05
RAp25p	475998078	475998078	4.18776214411595e-05
RAp25p	475998104	475998104	4.05382298511762e-05
RAp25p	475998408	475998408	4.12700421939796e-05
RAp25p	475999128	475999128	4.11306913080077e-05
RAp25p	475999274	475999274	4.09685176742184e-05
RAp25p	475999459	475999459	4.19704034532707e-05
RAp25p	475999469	475999469	1.64797113533221e-05
RAp25p	475999678	475999678	4.17082666381932e-05
RAp25p	475999971	475999971	4.16187601945129e-05
RAp25p	476000376	476000376	4.14270657444503e-05
RAp25p	476000595	476000595	4.1372159483114e-05
RAp25p	476000823	476000823	4.13696622900013e-05
RAp25p	476051056	476051056	1.73839853323663e-05
RAp25p	476052724	476052724	1.30961826496549e-05
RAp25p	476052946	476052946	1.30238103018473e-05
RAp25p	476053286	476053286	1.29869522803712e-05
RAp25p	476053364	476053364	1.29691009534402e-05
RAp25p	476053410	476053410	1.29435262838726e-05
RAp25p	476053469	476053469	1.3018404019439e-05
RAp25p	476053657	476053657	1.30192355768944e-05
RAp25p	476054019	476054019	1.30213687415417e-05
RAp25p	476055563	476055563	1.29691933712431e-05
RAp25p	476059869	476059869	1.29684283341728e-05
RAp25p	476068884	476068884	1.31984194256679e-05
RAp25p	476069316	476069316	1.32460102710522e-05
RAp25p	476069479	476069479	1.32667238061378e-05
RAp25p	476073927	476073927	1.40326278421717e-05
RAp25p	80156246	80156246	3.75499074407288e-05
RAp25p	80185314	80185314	4.24774445705579e-05
RAp25p	80749715	80749715	1.20525362327238e-05
RAp25p	9355318	9355318	3.57187101441242e-05
RAp25p	9389466	9389466	3.75350198903206e-05
RAp25p	9389812	9389812	3.3516687172843e-05
RAp25p	9393561	9393561	4.79120782600618e-05
RAp25p	9400432	9400432	4.79590930220179e-05
mTreg	158099362	158099362	2.77120216593539e-05
mTreg	16381716	16381716	8.50685669884391e-06
mTreg	217964070	217964070	2.66589223452719e-05
mTreg	281616718	281616718	3.08181757751239e-05
mTreg	288670096	288670096	3.35215529411008e-05
mTreg	288939180	288939180	1.41346231343515e-05
mTreg	288948556	288948556	9.44191931690457e-06
mTreg	288949573	288949573	9.06274884984757e-06
mTreg	289001285	289001285	8.91892919477827e-06
mTreg	289005439	289005439	2.29119253807069e-05
mTreg	289007072	289007072	2.24553992932092e-05
mTreg	289008702	289008702	2.75154234365225e-06
mTreg	289011887	289011887	2.45091179059957e-06
mTreg	289021383	289021383	2.13909616882939e-08
mTreg	289049893	289049893	1.93808697764509e-05
mTreg	289103921	289103921	1.68099064127072e-05
mTreg	289108869	289108869	1.66593727496108e-05
mTreg	289130378	289130378	1.01697596070341e-09
mTreg	289142968	289142968	1.13700135408803e-09
mTreg	289148560	289148560	6.22691715363277e-07
mTreg	289212067	289212067	1.05143926524892e-08
mTreg	289353141	289353141	5.41436678797879e-09
mTreg	289356527	289356527	2.56612457680715e-10
mTreg	289382553	289382553	6.73040012924688e-12
mTreg	289443091	289443091	1.73448339296106e-11
mTreg	289453023	289453023	5.93193686496972e-10
mTreg	289459598	289459598	5.34617596562026e-10
mTreg	289473588	289473588	2.06537723614327e-07
mTreg	289474138	289474138	4.22996465070119e-07
mTreg	289474333	289474333	1.9536160824278e-07
mTreg	289474943	289474943	2.91060283184022e-11
mTreg	289475863	289475863	2.81541026219533e-11
mTreg	289476251	289476251	1.84956111493768e-06
mTreg	289476375	289476375	2.80262021306686e-11
mTreg	289476950	289476950	5.72084695437269e-16
mTreg	289478020	289478020	1.53375141359456e-05
mTreg	289479306	289479306	2.32313848629574e-11
mTreg	289479567	289479567	1.53820814636685e-05
mTreg	289480834	289480834	2.11627913391527e-11
mTreg	289481547	289481547	1.50766427265887e-05
mTreg	289483466	289483466	1.47182376961292e-05
mTreg	289485419	289485419	1.75512922138115e-11
mTreg	289487024	289487024	1.76808457258302e-11
mTreg	289489708	289489708	7.64621033458332e-10
mTreg	289492443	289492443	1.31905696850748e-11
mTreg	289500236	289500236	1.10218007708405e-11
mTreg	289502311	289502311	1.07020085042041e-11
mTreg	289516727	289516727	8.96681445748822e-12
mTreg	289523052	289523052	8.49796868301294e-12
mTreg	289536979	289536979	2.19429998475043e-10
mTreg	289537808	289537808	4.20163343138816e-10
mTreg	289538558	289538558	4.29866933638854e-12
mTreg	289539658	289539658	4.15195610898452e-12
mTreg	289540003	289540003	4.15237169068531e-12
mTreg	289544524	289544524	4.03266255510437e-12
mTreg	289546247	289546247	9.17452431027907e-11
mTreg	289550089	289550089	4.00412188035706e-12
mTreg	289552281	289552281	2.71109947352835e-06
mTreg	289557195	289557195	4.11653559304896e-12
mTreg	289558023	289558023	9.3436663383557e-11
mTreg	289558643	289558643	9.31268952131532e-11
mTreg	289559419	289559419	9.35672696391395e-11
mTreg	289559732	289559732	4.1622789548036e-12
mTreg	289565156	289565156	9.28565930567751e-11
mTreg	289566230	289566230	4.34659858429121e-12
mTreg	289572477	289572477	9.74323866496977e-11
mTreg	289580780	289580780	1.41193360614742e-08
mTreg	289580970	289580970	2.43722409872577e-06
mTreg	289583577	289583577	1.69587861123852e-19
mTreg	289585412	289585412	1.43316474000907e-08
mTreg	289588835	289588835	5.32285012850771e-12
mTreg	289599435	289599435	5.94504249328319e-12
mTreg	289602061	289602061	5.94902383301139e-12
mTreg	289608486	289608486	6.60784830335681e-12
mTreg	289609409	289609409	5.43139837745654e-11
mTreg	289609510	289609510	5.19140472759211e-12
mTreg	289611034	289611034	2.25900046205234e-11
mTreg	289621728	289621728	2.90933883703687e-11
mTreg	289622436	289622436	2.97284405053695e-11
mTreg	289623942	289623942	3.46256262069217e-07
mTreg	289624465	289624465	3.51642557460788e-07
mTreg	289625020	289625020	3.18159263815384e-11
mTreg	289625084	289625084	3.19883568433171e-11
mTreg	289625091	289625091	3.48953441912838e-11
mTreg	289626637	289626637	1.65440498109391e-06
mTreg	289626727	289626727	3.59041897922541e-11
mTreg	289626989	289626989	3.37358085674733e-11
mTreg	289627208	289627208	3.58826092523343e-11
mTreg	289627563	289627563	5.21476800776742e-10
mTreg	289627790	289627790	1.69410734122406e-06
mTreg	289628031	289628031	1.6863232557599e-06
mTreg	289628764	289628764	3.77882688425258e-11
mTreg	289629052	289629052	3.81013870222897e-11
mTreg	289629090	289629090	3.85053089725144e-11
mTreg	289631068	289631068	4.33263130005981e-11
mTreg	289631124	289631124	4.0392026898096e-11
mTreg	289632229	289632229	4.17528630916629e-11
mTreg	289632519	289632519	3.95030738670039e-11
mTreg	289632620	289632620	3.96167337960819e-11
mTreg	289633340	289633340	4.33294420747069e-11
mTreg	289633360	289633360	4.3383543620645e-11
mTreg	289633692	289633692	4.19280722626047e-07
mTreg	289633898	289633898	1.73251775626201e-06
mTreg	289634534	289634534	4.4747874707358e-11
mTreg	289634602	289634602	4.44675364869141e-07
mTreg	289635840	289635840	4.60277788883578e-07
mTreg	289638286	289638286	6.73296471640489e-07
mTreg	289638313	289638313	7.47694144504417e-07
mTreg	289638323	289638323	7.46569727029421e-07
mTreg	289638598	289638598	1.72928622061552e-06
mTreg	289639255	289639255	4.85628544776864e-07
mTreg	289640350	289640350	4.9480631753449e-07
mTreg	289643142	289643142	5.1729413941736e-07
mTreg	289643304	289643304	5.70028278050641e-11
mTreg	289643651	289643651	5.90114090093532e-10
mTreg	289643756	289643756	4.12455211213915e-10
mTreg	289644167	289644167	6.2578850739429e-11
mTreg	289644208	289644208	6.26080008804883e-11
mTreg	289644716	289644716	5.90875382244832e-11
mTreg	289646094	289646094	6.07467341464726e-11
mTreg	289646183	289646183	6.085072829544e-11
mTreg	289646927	289646927	5.49368686663248e-07
mTreg	289647288	289647288	6.37266090148679e-11
mTreg	289647345	289647345	4.13639547780775e-16
mTreg	289647361	289647361	6.1374483691187e-07
mTreg	289649237	289649237	6.73437500180897e-11
mTreg	289649445	289649445	6.90061446874593e-11
mTreg	289650257	289650257	7.00512467633898e-11
mTreg	289650875	289650875	7.04931191310237e-11
mTreg	289651020	289651020	7.11158445362409e-11
mTreg	289651053	289651053	1.28084508730169e-09
mTreg	289652236	289652236	7.44967816117113e-11
mTreg	289652246	289652246	7.62724754164555e-11
mTreg	289652860	289652860	7.738648469056e-11
mTreg	289653367	289653367	1.54934927621924e-06
mTreg	289653723	289653723	6.32940511310115e-07
mTreg	289654055	289654055	7.38226187138405e-11
mTreg	289654061	289654061	7.39672719371538e-11
mTreg	289655127	289655127	8.03906920541252e-11
mTreg	289656645	289656645	8.22407911686548e-10
mTreg	289656702	289656702	8.41657791264778e-11
mTreg	289656785	289656785	9.13610239566472e-19
mTreg	289657601	289657601	8.89272996995156e-11
mTreg	289657878	289657878	8.93160179262591e-11
mTreg	289658315	289658315	8.87998346233152e-11
mTreg	289658423	289658423	8.96218837746234e-11
mTreg	289658494	289658494	4.43304941365318e-10
mTreg	289658664	289658664	9.1485055367605e-11
mTreg	289658771	289658771	9.45584973013555e-11
mTreg	289658784	289658784	9.54214578105422e-11
mTreg	289659287	289659287	9.39922397614163e-11
mTreg	289659329	289659329	9.50703207231274e-11
mTreg	289659386	289659386	9.52527384978503e-11
mTreg	289659466	289659466	1.82224083534282e-06
mTreg	289659568	289659568	1.7995471022998e-06
mTreg	289660048	289660048	9.96080880692322e-11
mTreg	289661156	289661156	1.04421736274368e-10
mTreg	289661517	289661517	1.51898445965482e-09
mTreg	289670027	289670027	2.09590544533464e-10
mTreg	289670492	289670492	1.44485561799728e-10
mTreg	289670898	289670898	2.19505412965354e-10
mTreg	289672024	289672024	1.50362342753584e-10
mTreg	289674043	289674043	1.59827056437433e-10
mTreg	289674328	289674328	1.61851856678145e-10
mTreg	289674495	289674495	1.63368411991283e-10
mTreg	289677199	289677199	2.35709467774892e-10
mTreg	289677203	289677203	2.37560134263086e-10
mTreg	289678239	289678239	3.88167633691364e-07
mTreg	289681422	289681422	2.15723788860124e-10
mTreg	289682353	289682353	3.51253876258893e-09
mTreg	289683946	289683946	4.26753712156522e-09
mTreg	289685602	289685602	4.51460386024749e-09
mTreg	289685984	289685984	4.56519916545795e-09
mTreg	289707920	289707920	1.2665124974234e-05
mTreg	289709582	289709582	1.12696498369967e-05
mTreg	289710541	289710541	1.66050567402052e-05
mTreg	289710599	289710599	1.36429019748308e-05
mTreg	289711017	289711017	1.38455846315481e-05
mTreg	289711342	289711342	1.38673416593355e-05
mTreg	289716095	289716095	1.10697916588109e-05
mTreg	289717691	289717691	9.32101871010346e-06
mTreg	289718718	289718718	1.18408330454174e-05
mTreg	289720671	289720671	9.20358241705432e-06
mTreg	289720765	289720765	9.27202387384839e-06
mTreg	289726401	289726401	3.08857565953454e-05
mTreg	289727303	289727303	1.01992641618647e-05
mTreg	289728436	289728436	3.1194923063523e-05
mTreg	289730058	289730058	3.13431305024156e-05
mTreg	289730517	289730517	1.22838262684543e-05
mTreg	289734444	289734444	3.13414575907818e-05
mTreg	289737222	289737222	1.23134737650334e-05
mTreg	289737391	289737391	3.14302369630894e-05
mTreg	289738896	289738896	3.14413092897258e-05
mTreg	289739237	289739237	1.22999224798081e-05
mTreg	289739336	289739336	3.15909763288602e-05
mTreg	289739985	289739985	3.1605952291654e-05
mTreg	289740520	289740520	1.22956351431245e-05
mTreg	289740876	289740876	3.19543579882952e-05
mTreg	289740914	289740914	1.28317341120065e-05
mTreg	289742990	289742990	1.3999857663863e-05
mTreg	289744781	289744781	3.88282357117659e-05
mTreg	289745204	289745204	1.59114066074998e-05
mTreg	289746773	289746773	4.36026191229659e-05
mTreg	289747419	289747419	4.57194047824297e-05
mTreg	290035445	290035445	6.54615566648016e-06
mTreg	290079503	290079503	4.93106311047822e-06
mTreg	561930087	561930087	4.08687084265931e-05
mTreg	561938664	561938664	4.02125455675873e-05
mTreg	561940703	561940703	4.00599946634472e-05
mTreg	561942866	561942866	3.99929477760007e-05
mTreg	625663720	625663720	1.26278821499953e-05
mTreg	718838044	718838044	9.881547437069e-06
mTreg	718838167	718838167	9.91327410403367e-06
mTreg	718838981	718838981	1.00887011021552e-05
mTreg	718839311	718839311	1.009294119658e-05
mTreg	718841158	718841158	1.04170668548641e-05
mTreg	718848380	718848380	5.61233237708573e-06
mTreg	718853810	718853810	1.3065000970281e-05
mTreg	718854204	718854204	1.32394120295649e-05
mTreg	718855999	718855999	1.22533219748601e-05
mTreg	718862934	718862934	1.24915198110401e-05
mTreg	718881091	718881091	4.79054657558093e-05
mTreg	718881151	718881151	4.97477557687049e-05
mTreg	718883066	718883066	4.73774778648699e-05
mTreg	718885007	718885007	4.43263348102143e-05
mTreg	718885110	718885110	4.37315936461029e-05
mTreg	718886261	718886261	4.20505308495707e-05
mTreg	718886419	718886419	4.14736521762046e-05
mTreg	718890283	718890283	4.39863207646718e-05
mTreg	718894474	718894474	3.6121386600928e-06
mTreg	735244138	735244138	4.95807053045841e-05
mTreg	836617498	836617498	6.47867963516859e-06
mTreg	836619230	836619230	6.86682707332972e-06
mTreg	836619277	836619277	6.86682707332972e-06
mTreg	836619640	836619640	6.86682707332972e-06
mTreg	836621190	836621190	6.86547299295519e-06
mTreg	836622223	836622223	6.86396157812392e-06
mTreg	836623827	836623827	6.86621024237294e-06
mTreg	836626104	836626104	6.88067711976469e-06
mTreg	836653221	836653221	2.4860380225932e-06
mTreg	836654087	836654087	2.48398051459139e-06
mTreg	878455166	878455166	2.07245624387853e-05
mTreg	878484526	878484526	3.89405401090541e-06
mTreg	878484547	878484547	3.90442315556559e-06
mTreg	878484637	878484637	9.31148788131414e-06
mTreg	878484721	878484721	3.41979562283645e-05
mTreg	882296272	882296272	1.74428917410988e-05
mTreg	882299722	882299722	1.57562424075941e-05
mTreg	882308947	882308947	3.56365509584973e-05
mTreg	882311407	882311407	4.56462826774475e-05
mTreg	882338029	882338029	5.28873030267192e-06
mTreg	882342827	882342827	3.24267491476933e-05
mTreg	882343325	882343325	2.19598157034949e-05
mTreg	882343934	882343934	2.19378433361144e-05
mTreg	882346432	882346432	1.3646350479544e-05
mTreg	882401053	882401053	2.97730166441232e-05
mTreg	882419608	882419608	2.61155462035992e-05
mTreg	882430295	882430295	1.89117437774301e-05
nTreg	102823324	102823324	4.98686975519389e-05
nTreg	102823486	102823486	4.97647002183019e-05
nTreg	102823498	102823498	4.97377776710294e-05
nTreg	102823794	102823794	4.95413180293825e-05
nTreg	102823897	102823897	4.94813156075337e-05
nTreg	102824068	102824068	4.92959857086277e-05
nTreg	102824089	102824089	4.91447131548715e-05
nTreg	102824135	102824135	4.92649391737218e-05
nTreg	102824201	102824201	4.9127159087383e-05
nTreg	102824434	102824434	4.89498054662476e-05
nTreg	102824478	102824478	4.89275388331727e-05
nTreg	102824554	102824554	4.88586070200964e-05
nTreg	102824836	102824836	4.87005513828749e-05
nTreg	102825084	102825084	4.85194908740098e-05
nTreg	102825107	102825107	4.84381338605685e-05
nTreg	102825189	102825189	4.73376599166981e-05
nTreg	102825197	102825197	4.73308496653432e-05
nTreg	102826021	102826021	4.77011526444014e-05
nTreg	102826139	102826139	4.77381793831472e-05
nTreg	102826547	102826547	4.73477060570214e-05
nTreg	102826964	102826964	4.71164104803115e-05
nTreg	102827243	102827243	4.69065225811772e-05
nTreg	102827496	102827496	4.66989700411911e-05
nTreg	102828768	102828768	4.64328344538619e-05
nTreg	102829401	102829401	4.60481704217757e-05
nTreg	102829807	102829807	4.59218791250556e-05
nTreg	102833065	102833065	4.48896498021113e-05
nTreg	102833556	102833556	4.47105485584183e-05
nTreg	102834042	102834042	4.4490325149733e-05
nTreg	102834968	102834968	4.39719308249823e-05
nTreg	102835243	102835243	4.37086689285271e-05
nTreg	102835811	102835811	4.36995524579693e-05
nTreg	102836952	102836952	4.29860856687508e-05
nTreg	102837526	102837526	4.26415180166941e-05
nTreg	102837691	102837691	4.25329053623068e-05
nTreg	102838284	102838284	4.20140256835775e-05
nTreg	102838691	102838691	4.18749679109029e-05
nTreg	102838811	102838811	4.18723616214888e-05
nTreg	102839199	102839199	4.1830050491491e-05
nTreg	102839219	102839219	4.17755979422761e-05
nTreg	102839382	102839382	4.16613623915643e-05
nTreg	102839456	102839456	4.16332998518733e-05
nTreg	102839755	102839755	4.15343106246028e-05
nTreg	102840055	102840055	4.12978973058533e-05
nTreg	102840920	102840920	4.06885748646491e-05
nTreg	102854882	102854882	4.11614416281383e-05
nTreg	180589130	180589130	4.50753884675575e-05
nTreg	180592145	180592145	4.62949158338166e-05
nTreg	180594128	180594128	3.49586157691547e-05
nTreg	268530554	268530554	4.00102441517238e-06
nTreg	268530577	268530577	3.96696712153143e-06
nTreg	268530658	268530658	3.94106822468846e-06
nTreg	268531401	268531401	3.89874239760073e-06
nTreg	268532365	268532365	2.73557027633863e-06
nTreg	268532948	268532948	3.55533238732774e-06
nTreg	268536637	268536637	3.06929121957298e-06
nTreg	268537156	268537156	3.11422489265788e-06
nTreg	268548742	268548742	5.66170376201038e-06
nTreg	268548911	268548911	5.71765150439159e-06
nTreg	268549377	268549377	6.04532083352408e-06
nTreg	268549422	268549422	6.11799761980327e-06
nTreg	268554414	268554414	3.26684347000622e-05
nTreg	268555382	268555382	4.47400254580471e-05
nTreg	301381067	301381067	3.00646593603985e-05
nTreg	308600529	308600529	1.71225043521921e-05
nTreg	315901033	315901033	4.91188991031225e-05
nTreg	315902493	315902493	3.91664551871648e-05
nTreg	45993677	45993677	1.78336484807826e-05
nTreg	45995565	45995565	1.78114604304356e-05
nTreg	45996657	45996657	1.6968214831679e-05
nTreg	45997411	45997411	2.28534184951877e-05
nTreg	45997519	45997519	2.24579765445252e-05
nTreg	45997676	45997676	2.24353855533603e-05
nTreg	625663720	625663720	2.18698311423651e-05
nTreg	675033086	675033086	7.86847883293386e-06
nTreg	675034794	675034794	7.91326367710376e-06
nTreg	675036025	675036025	8.00887535455564e-06
nTreg	675036288	675036288	7.98453848144331e-06
nTreg	675036443	675036443	7.98749686730734e-06
nTreg	675038081	675038081	8.077193497134e-06
nTreg	675044673	675044673	8.02800988272942e-06
nTreg	675047735	675047735	8.02650552045188e-06
nTreg	675050782	675050782	8.03205999390771e-06
nTreg	675051805	675051805	7.97637531297082e-06
nTreg	675058957	675058957	7.40216411996107e-06
nTreg	675122372	675122372	3.83891206270992e-05
nTreg	718829605	718829605	4.10650983542389e-05
nTreg	847814669	847814669	3.66364595691267e-06
nTreg	847816807	847816807	2.4255698378042e-06
nTreg	847818374	847818374	2.43758900232505e-06
nTreg	847822071	847822071	2.52360940280148e-06
nTreg	847822755	847822755	2.54446671160132e-06
nTreg	847824713	847824713	2.47947266426881e-06
nTreg	847826108	847826108	2.37080512392031e-06
nTreg	847828153	847828153	1.16121699910366e-05
nTreg	854450478	854450478	6.63369086299446e-06
nTreg	854454683	854454683	1.20303849407059e-05
nTreg	854455230	854455230	1.22304719859569e-05
nTreg	854455724	854455724	1.26198943261391e-05
nTreg	854457815	854457815	1.29824074735233e-05
nTreg	854460028	854460028	1.32810973597139e-05
nTreg	854461185	854461185	1.32496224811627e-05
nTreg	854463366	854463366	1.32696839418289e-05
nTreg	854464297	854464297	1.32793553963848e-05
nTreg	854467686	854467686	1.32354382349093e-05
nTreg	854468305	854468305	1.32422901735955e-05
nTreg	854475218	854475218	1.32737521519e-05
nTreg	854475850	854475850	1.32720709063448e-05
nTreg	854476039	854476039	1.32709500305746e-05
nTreg	854477428	854477428	1.32699290445079e-05
nTreg	854481158	854481158	1.33134157283561e-05
nTreg	854482435	854482435	1.33138734022153e-05
nTreg	854483997	854483997	1.33155629963886e-05
nTreg	854484926	854484926	1.3323767450905e-05
nTreg	854495417	854495417	1.39816256477466e-05
nTreg	854497312	854497312	1.38421033530389e-05
nTreg	854499074	854499074	1.37630789443034e-05
nTreg	854500627	854500627	1.36981990330033e-05
nTreg	854501166	854501166	1.36846803047305e-05
nTreg	854501804	854501804	1.36600739539686e-05
nTreg	854502764	854502764	1.36416808679258e-05
nTreg	854503061	854503061	1.3615984575043e-05
nTreg	854503093	854503093	1.36433608277474e-05
nTreg	854503578	854503578	1.36298570179498e-05
nTreg	854518925	854518925	1.00685304012461e-05
nTreg	854524657	854524657	1.27182966337161e-05
